"PSA Project: Project Name","Project Manager","Project Manager 2 (Contact)","Opportunity Owner","Region","Subregion","Special Term","Opportunity: Quote Billing Frequency","Account Number","Opportunity Amount Currency","Opportunity Amount","Opportunity Close Date","Opportunity Stage","Billings Currency","Billings","Project: Actual Amount Remaining Currency","Project: Actual Amount Remaining","Invoiced Currency","Invoiced","PO Number","Exclude From Billing","Opportunity: Opportunity Owner"
"[CSG] - Totalplay Loyalty CO001-Project","Stefane Guimaraes","Julieta Hernández","","LATAM Mexico","LATAM MEXICO","Holdback","Monthly - Billing","4-647885","USD","99000.00","12/19/2022","06 - Project Booked","USD","0.00","USD","99000.00","USD","0.00","tbd","1","Roberta Castello"
"CDF - MX - SOW - CG, Tabeau, Data 360, Mulesoft - Implementation  #QL -Project","Estefanía Quijano","Stefane Guimaraes","","LATAM Mexico","LATAM MEXICO","Holdback","Monthly - Billing","5133503","USD","4146443.41","7/31/2026","06 - Project Booked","USD","0.00","USD","4146443.41","USD","0.00",".","0","Diego Ramos"
"Clase Azul_Mkt+Core+Mule_CSG SOW-Project","Ana Ruth Salinas","Julieta Hernández","","LATAM Mexico","LATAM MEXICO","Holdback","Monthly - Billing","5369525","USD","295605.20","9/2/2022","06 - Project Booked","USD","355870.20","USD","19.00","USD","434170.43",".","0","Juanita Fierro"
"ENVASES UNIVERSALES_SALES & SERVICES_MANUFACTURING-Project","Erika Holguin","Julieta Hernández","","LATAM Mexico","LATAM MEXICO","Holdback","Monthly - Billing","5036025","USD","351889.50","7/22/2022","06 - Project Booked","USD","351867.89","USD","21.61","USD","351867.89",".","0","Daniel Isunza(MB)"
"Liverpool - MX - Cosmetics CO-Project","Andrés Rollano","Patty Iraola","","LATAM Mexico","LATAM MEXICO","Framework","Monthly - Billing","9894581","USD","263201.00","5/15/2026","06 - Project Booked","USD","197472.00","USD","65729.00","USD","197472.00",".","0","Diego Ramos"
"Bancolombia-COL-FSC-CO019-Migración ORG Factoring-Project","Jennifer Bolivar","Gustavo Adolfo Ocampo","Eliana Rueda","LATAM Growth","LATAM GROWTH","Umbrella","Monthly - Billing","8199352","USD","110480.00","9/9/2024","06 - Project Booked","USD","0.00","USD","110480.00","USD","0.00","TBD","1","Eliana Rueda"
"Banco Macro - Loyalty - Prime Implementation-Project","Diego Fernandez Omaña","Martin Paradela","","LATAM Growth","LATAM GROWTH","Holdback","Monthly - Billing","6103104","USD","513881.00","6/12/2026","06 - Project Booked","USD","86378.52","USD","427502.48","USD","86378.52",".","0","Juan María Aguirre"
"MS TSTT Mule 3 to 4 Migration SOW-001 SVCS-Project","Luceni dos Santos","Simone Benvenuto","","LATAM Growth","LATAM GROWTH","Holdback","Monthly - Billing","4-283379","USD","89199.00","7/27/2023","06 - Project Booked","USD","89192.28","USD","6.72","USD","89192.28","TSTT-204294","0","Abelardo Rojas"
"Banco Macro - AR - Core - Salesforce CRM implementation-Project","Carla Alonso","Martin Paradela","","LATAM Growth","LATAM GROWTH","Holdback","Monthly - Billing","6103104","USD","4770882.60","1/24/2026","06 - Project Booked","USD","883416.50","USD","3887466.10","USD","904225.38",".","0","Gustavo Marcelo Pulitano"
"Bancolombia - CO005 - Extensión de Soporte-Project","Erwin Rubén Chávez","Julieta Hernández","","LATAM Growth","LATAM GROWTH","Umbrella","Monthly - Billing","8199352","USD","70740.00","8/26/2022","06 - Project Booked","USD","66880.00","USD","3860.00","USD","66880.00","TBD","0","Roberta Castello"
"Axis Bank_Work Order under Bulk Hours SOW_May25_CSG_FY26-Project","Priya Agarwal","Punit Murdeshwar","","APAC India","APAC India - FINS/PubSec","Framework","Monthly - Billing","4-637478","INR","46970112.00","5/29/2025","06 - Project Booked","INR","42125928.00","INR","4844184.00","INR","84253089.00","PO1555898(5/25-1/28)","0","Amit Katkar"
"Axis Bank CO for 1L hours under Bulk Hours SOW_Feb25_CSG_FY26-Project","Priya Agarwal","Punit Murdeshwar","","APAC India","APAC India - FINS/PubSec","Framework","Monthly - Billing","4-637478","INR","37898028.00","3/3/2025","06 - Project Booked","INR","29208820.00","INR","8689208.00","INR","29208820.00","PO1477695","0","Amit Katkar"
"Axis Bank Bulk Hours SOW_CSG_FY25-Project","Vinodkumar Subhash","Supriya Gorthy","","APAC India","APAC India - FINS/PubSec","Framework","Monthly - Billing","4-637478","INR","925350000.15","10/30/2024","06 - Project Booked","INR","0.00","INR","81918140.15","INR","0.00","TBD","1","Amit Katkar"
"Bandhan AUTO + PL LOS Implementation_FY27-Project","Arpit Maroo","Anand Ramamurthi","","APAC India","APAC India - FINS","Holdback","Monthly - Billing","6086805","INR","136600000.00","7/28/2026","06 - Project Booked","INR","1084634.56","INR","135515365.44","INR","0.00","3000032110","1","Amit Katkar"
"Axis Bank_Work Order under Bulk Hours SOW_April25_CSG_FY26-Project","Kalpesh Surti","Punit Murdeshwar","","APAC India","APAC India - FINS","Framework","Monthly - Billing","4-637478","INR","44607222.00","5/5/2025","06 - Project Booked","INR","38132804.00","INR","6474418.00","INR","41088214.60","PO1605744","1","Amit Katkar"
"Axis Bank_CR for March 2026-Project","Vinodkumar Subhash","Kalpesh Surti","","APAC India","APAC India - FINS","Framework","Monthly - Billing","4-637478","INR","80065792.00","2/24/2026","06 - Project Booked","INR","79584408.00","INR","481384.00","INR","79591303.95","PO1784842","1","Amit Katkar"
"Axis Bank_Work Order_Sep25 to March26 _CSG_FY26-Project","Kalpesh Surti","Vinodkumar Subhash","","APAC India","APAC India - FINS","Framework","Monthly - Billing","4-637478","INR","310131000.00","9/29/2025","06 - Project Booked","INR","309690796.00","INR","440204.00","INR","307931331.20","PO1683091","1","Amit Katkar"
"Axis Bank_Work Order under Bulk Hours SOW_Aug25_CSG_FY26-Project","Priya Agarwal","Punit Murdeshwar","","APAC India","APAC India - FINS","Framework","Monthly - Billing","4-637478","INR","42242168.00","8/29/2025","06 - Project Booked","INR","39998744.00","INR","432116188.15","INR","40066276.16","PO1622947","1","Amit Katkar"
"Axis Bank_Work Order under Bulk Hours SOW_July25_CSG_FY26-Project","Priya Agarwal","Punit Murdeshwar","","APAC India","APAC India - FINS/PubSec","Framework","Monthly - Billing","4-637478","INR","51135256.00","7/29/2025","06 - Project Booked","INR","49701212.00","INR","1434044.00","INR","99409237.60","PO1605092","0","Amit Katkar"
"Axis Bank_Work Order under Bulk Hours SOW_June25_CSG_FY26-Project","Priya Agarwal","Punit Murdeshwar","","APAC India","APAC India - FINS/PubSec","Framework","Monthly - Billing","4-637478","INR","39992968.00","6/30/2025","06 - Project Booked","INR","34983684.00","INR","5009284.00","INR","35052553.25","PO1605744","0","Amit Katkar"
"Axis Bank CO for 1L hours under Bulk Hours SOW_Mar25_CSG_FY26-Project","Priya Agarwal","Punit Murdeshwar","","APAC India","APAC India - FINS/PubSec","Framework","Monthly - Billing","4-637478","INR","44273078.00","3/3/2025","06 - Project Booked","INR","41019220.00","INR","3253858.00","INR","41226669.83","PO1477637","0","Amit Katkar"
"Axis Bank CO for 1L hours under Bulk Hours SOW_Jan25_CSG_FY25-Project","Priya Agarwal","Punit Murdeshwar","","APAC India","APAC India - FINS/PubSec","Framework","Monthly - Billing","4-637478","INR","37764046.00","2/26/2025","06 - Project Booked","INR","35277376.00","INR","2486670.00","INR","35277376.00","1453111","0","Amit Katkar"
"Axis Bank CO for hours under Bulk Hours - OCT 2024 SOW_CSG_FY25-Project","Priya Agarwal","Supriya Gorthy","","APAC India","APAC India - FINS/PubSec","Framework","Monthly - Billing","4-637478","INR","0.00","10/30/2024","06 - Project Booked","INR","23652984.00","INR","14101240.00","INR","23780428.58","PO1419063","0","Amit Katkar"
"Axis Bank WO for Nov and Dec Master Contract","Priya Agarwal","Punit Murdeshwar","","APAC India","APAC India - FINS/PubSec","Framework","Monthly - Billing","4-637478","INR","0.00","1/31/2025","06 - Project Booked","INR","56171399.00","INR","14426567.00","INR","58096275.41","PO1453107","0","Amit Katkar"
"Bradesco Umbrella (DRC) CO021 - MC Melhorias Evolutivas - Services - Par-Project","Herbert Prates","Andreas Miller","Matheus Celestino","LATAM Brazil","LATAM BRAZIL","Umbrella","Monthly - Billing","8074255","BRL","1228360.54","11/8/2023","06 - Project Booked","BRL","142239.24","BRL","1558377.54","BRL","142239.24","SLF-23-0021-01","1","Matheus Celestino(PS)"
"Bradesco Umbrella SOW010-CO006 - Atacado - Expert Services-Project","João Bussab Junior","Fabio Istvan Hajdu","","LATAM Brazil","LATAM BRAZIL","Umbrella","Monthly - Billing","110573975","BRL","4386715.20","1/29/2026","06 - Project Booked","BRL","1683945.60","BRL","2702769.60","BRL","1167487.60","SLF-26/0006-01","1","Alvaro De Figueiredo"
"Bradesco Umbrella SOW010-CO005 - Principal - Advisory Services - CSG-Project","João Bussab Junior","Fabio Istvan Hajdu","","LATAM Brazil","LATAM BRAZIL","Umbrella","Monthly - Billing","8074257","BRL","4920600.00","1/22/2026","06 - Project Booked","BRL","2189667.00","BRL","2730933.00","BRL","1746813.00","SLF-26/0005-01","1","Alvaro De Figueiredo"
"Bradesco Umbrella SOW010-CO004 - CRM - Expert Services - Change Order-Project","Elis Sousa","Fabio Istvan Hajdu","","LATAM Brazil","LATAM BRAZIL","Umbrella","Monthly - Billing","4-835363","BRL","11687081.60","12/30/2025","06 - Project Booked","BRL","3954112.40","BRL","7732969.20","BRL","3802257.20","SLF-25/0004-01|M:JAN/26","1","Alvaro De Figueiredo"
"Bradesco Umbrella SOW010-CO003 PJ SME Extension - Expert Services - Chan-Project","Brenda Quintana","Fabio Istvan Hajdu","Alvaro De Figueiredo","LATAM Brazil","LATAM BRAZIL","Umbrella","Monthly - Billing","4-835363","BRL","3177983.60","12/22/2025","06 - Project Booked","BRL","2241183.20","BRL","936800.40","BRL","2241183.20","SLF-25/0003-01|M:JAN/26","0","Alvaro De Figueiredo"
"Bradesco Umbrella CO002 - Principal - Strategic Layer - Expert Services-Project","João Bussab Junior","Fabio Istvan Hajdu","","LATAM Brazil","LATAM BRAZIL","Umbrella","Monthly - Billing","4-835363","BRL","6325880.64","5/28/2025","06 - Project Booked","BRL","4874903.62","BRL","1450977.02","BRL","5449989.31","SLF-25-0002-01 | MES: JAN/26","0","Alvaro De Figueiredo"
"Bradesco Umbrella CO069 CRM - Implement - Change Order - Ext 2025-Project","Glauco Paiva","Carlos Rodrigues","Alvaro De Figueiredo","LATAM Brazil","LATAM BRAZIL","Umbrella","Monthly - Billing","4-835363","BRL","4972420.80","12/30/2024","06 - Project Booked","BRL","4972061.42","BRL","359.38","BRL","5430897.73","SLF-24-0069|M:MAR/26","0","Alvaro De Figueiredo"
"Bradesco Umbrella CO068 - SME-PJ Cockpit MVP CORE Services-Project","Brenda Quintana","Carlos Rodrigues","Alvaro De Figueiredo","LATAM Brazil","LATAM BRAZIL","Umbrella","Monthly - Billing","4-835363","BRL","4558188.76","11/27/2024","06 - Project Booked","BRL","4558049.63","BRL","139.13","BRL","4858479.03","SLF-24-0068-01 - M:DEZ/25","0","Alvaro De Figueiredo"
"Bradesco - Umbrella CO041 - ATACADO Strategic Layer Services - 5.000 hr-Project","Carlos Yamaguchi","Andreas Miller","Alvaro De Figueiredo","LATAM Brazil","LATAM BRAZIL","Umbrella","Monthly - Billing","4-835363","BRL","3044844.72","3/31/2022","06 - Project Booked","BRL","3044818.57","BRL","26.15","BRL","3044818.57","SLF-22-0041-01","0","Alvaro De Figueiredo(PS)"
"Bradesco Umbrella CO047 - Atacado - Core Strategic Layer 4800 hours FY24-Project","Vanessa Teixeira","Andreas Miller","","LATAM Brazil","LATAM BRAZIL","Umbrella","Monthly - Calendar","4-858133","BRL","3096441.60","4/12/2023","06 - Project Booked","BRL","3095739.73","BRL","701.87","BRL","3096642.30","SLF-23-0047-01","0","Alvaro De Figueiredo(PS)"
"Bradesco Umbrella CO045 - CRM CDP Define and Design FY24 - Parent Split-Project","Vanessa Teixeira","Andreas Miller","","LATAM Brazil","LATAM BRAZIL","Umbrella","Monthly - Billing","4-835363","BRL","4162604.36","2/24/2023","06 - Project Booked","BRL","5698194.29","BRL","162720.15","BRL","5860444.69","SLF-22-0045-01","0","Alvaro De Figueiredo(PS)"
"Bradesco Umbrella CO054 - CRM Ext Services-Project","Brenda Quintana","Andreas Miller","Alvaro De Figueiredo","LATAM Brazil","LATAM BRAZIL","Umbrella","Monthly - Calendar","4-835363","BRL","807770.88","2/27/2024","06 - Project Booked","BRL","1016276.34","BRL","5.90","BRL","1016276.34","SLF-24-0054-01","0","Alvaro De Figueiredo"
"Bradesco Umbrella  - CRM CO051 - Jan24 - Services Parent Split-Project","Brenda Quintana","Andreas Miller","Alvaro De Figueiredo","LATAM Brazil","LATAM BRAZIL","Umbrella","Monthly - Billing","4-835363","BRL","807770.88","12/22/2023","06 - Project Booked","BRL","1015987.40","BRL","294.84","BRL","1015987.40","SLF-23-0051-01","0","Alvaro De Figueiredo(PS)"
"Bradesco Umbrella CO060 - Afluentes MVP1 - CORE Services PART 2-Project","Rafael Neves","Carlos Rodrigues","Alvaro De Figueiredo","LATAM Brazil","LATAM BRAZIL","Umbrella","Monthly - Billing","4-835363","BRL","4387266.24","7/31/2024","06 - Project Booked","BRL","4386943.19","BRL","323.05","BRL","5442545.81","SLF-24-0060-01","0","Alvaro De Figueiredo"
"Bradesco Umbrella CO059 - Afluentes (TopTier-Prime) - MVP1CORE SvcPART 1-Project","Silvana Kusman","Andreas Miller","","LATAM Brazil","LATAM BRAZIL","Umbrella","Monthly - Calendar","4-835363","BRL","13138810.72","4/15/2024","06 - Project Booked","BRL","13138283.68","BRL","527.04","BRL","13138283.68","SLF-24-0059-01","0","Alvaro De Figueiredo"
"Bradesco Umbrella CO053 - Private - CORE Services Feb2024-Project","Fabio Istvan Hajdu","Andreas Miller","Alvaro De Figueiredo","LATAM Brazil","LATAM BRAZIL","Umbrella","Monthly - Billing","4-835363","BRL","347772.24","1/22/2024","06 - Project Booked","BRL","347472.16","BRL","300.08","BRL","347472.16","SLF-24-0053-01","0","Alvaro De Figueiredo(PS)"
"Bradesco Umbrella CO067 - Atacado Credit & Cash - Core Services-Project","João Bussab Junior","Carlos Rodrigues","","LATAM Brazil","LATAM BRAZIL","Umbrella","Monthly - Billing","4-858133","BRL","7014182.64","7/30/2024","06 - Project Booked","BRL","7018329.14","BRL","351523.90","BRL","8124178.85","SLF-24-0067-01|M: JAN/26","0","Alvaro De Figueiredo"
"Bradesco Umbrella CO065 - Private - H2FY25 Services - CORE-Project","Vanessa Teixeira","Andreas Miller","Alvaro De Figueiredo","LATAM Brazil","LATAM BRAZIL","Umbrella","Monthly - Billing","4-835363","BRL","708347.20","7/29/2024","06 - Project Booked","BRL","708031.72","BRL","315.48","BRL","708031.72","SLF-24-0065-01","0","Alvaro De Figueiredo"
"SVM - CTO PHASE 2 - New Business - Core - CSG-Project","Dyego Benevenuto Xavier","Juliana Cantão","","LATAM Brazil","LATAM BRAZIL","Separate Invoices","Monthly - Billing","5768533","BRL","0.00","7/21/2026","06 - Project Booked","BRL","9361.70","BRL","420340.32","BRL","9361.70",".","0","Graziela de Fatima Rodolfo Perez"
"Minalba - CTO PHASE 2 - New Business - Core - CSG-Project","Dyego Benevenuto Xavier","Juliana Cantão","","LATAM Brazil","LATAM BRAZIL","Separate Invoices","Monthly - Billing","8093679","BRL","0.00","7/15/2026","06 - Project Booked","BRL","28085.10","BRL","1261020.99","BRL","28085.10",".","0","Graziela de Fatima Rodolfo Perez"
"GEQ - CTO PHASE 2 - New Business - Core - CSG-Project","Gustavo Cimitan","Juliana Cantão","","LATAM Brazil","LATAM BRAZIL","Separate Invoices","Monthly - Billing","8093681","BRL","3437616.24","5/11/2026","06 - Project Booked","BRL","782638.12","BRL","936170.00","BRL","782638.12",".","0","Graziela de Fatima Rodolfo Perez"
"Esmaltec - CTO - New Business - Core - CTO- CSG-Project","Pablo Perrotta","Juliana Cantão","Graziela de Fatima Rodolfo Perez","LATAM Brazil","LATAM BRAZIL","Separate Invoices","Monthly - Billing","8093680","BRL","0.00","10/28/2025","06 - Project Booked","BRL","181860.39","BRL","0.66","BRL","181860.39",".","0","Graziela de Fatima Rodolfo Perez"
"Minalba - CTO - New Business - Core - CTO- CSG-Project","Pablo Perrotta","Juliana Cantão","Graziela de Fatima Rodolfo Perez","LATAM Brazil","LATAM BRAZIL","Separate Invoices","Monthly - Billing","8093679","BRL","0.00","10/28/2025","06 - Project Booked","BRL","272790.58","BRL","0.99","BRL","272790.58",".","0","Graziela de Fatima Rodolfo Perez"
"NGB - GEQ - Expertise Hours/CTO - New Business - Core - CTO- CSG-Project","Pablo Perrotta","Juliana Cantão","","LATAM Brazil","LATAM BRAZIL","Separate Invoices","Monthly - Billing","8093681","BRL","909305.23","7/31/2025","06 - Project Booked","BRL","363459.95","BRL","262.14","BRL","363459.95",".","0","Graziela de Fatima Rodolfo Perez"
"DTP Agentforce Implementation CSG New (2)-Project","Rafael Roquette","Luciano Ricardo Emidio e Silva","","LATAM Brazil","LATAM BRAZIL","Framework","Monthly - Billing","5655433","BRL","2335031.80","5/18/2026","06 - Project Booked","BRL","2323553.56","BRL","11478.24","BRL","2731811.96","041664 Measurement Number: 017791","1","Juliana Brites"
"Bradesco Umbrela - CO042 Private - Ext 2022 - 90%-Project","Fabio Istvan Hajdu","Andreas Miller","Alvaro De Figueiredo","LATAM Brazil","LATAM BRAZIL","Umbrella","Monthly - Billing","4-863998","BRL","6050948.88","6/29/2022","06 - Project Booked","BRL","5349797.51","BRL","701151.37","BRL","5349797.51","SLF-22-0042-01","0","Alvaro De Figueiredo(PS)"
"Premmia-MC+CC+Core-SOW-New Loyalty Platform-Project","Rafael Neves","Carlos Rodrigues","","LATAM Brazil","LATAM BRAZIL","Holdback","Monthly - Billing","4-817546","BRL","8403600.60","4/12/2023","06 - Project Booked","BRL","10697665.61","BRL","2647.59","BRL","11242252.99",".","1","Rodrigo Soares(CV)"
"Bradesco AGORA - CO05 - Fase 2 MC & Core - Parent Split-Project","Bruna Bucci","Andreas Miller","","LATAM Brazil","LATAM BRAZIL","Umbrella","Monthly - Billing","8074260","BRL","3930176.32","1/31/2023","06 - Project Booked","BRL","5169964.22","BRL","53.70","BRL","5169964.22","4700042904 - CO05","0","Alvaro De Figueiredo(PS)"
"SICREDI - Front Unico+Adivsory  - CO - CSG-Project","Glauco Paiva","Carlos Rodrigues","Marco Zanardi","LATAM Brazil","LATAM BRAZIL","Umbrella","Monthly - Billing","4-704633","BRL","1731827.84","11/17/2023","06 - Project Booked","BRL","1731767.76","BRL","60.08","BRL","1731767.76","4700020114","0","Marco Zanardi(PS)"
"SABESP - Service/FSL/DATA CLOUD - Prime Imp - CSG-Project","Fabio Istvan Hajdu","Leandro Ventura","","LATAM Brazil","LATAM BRAZIL","Holdback","Monthly - Billing","6867167","BRL","24648021.54","6/30/2025","06 - Project Booked","BRL","14464891.91","BRL","10183129.63","BRL","14535182.38",".","0","Gabriela Pedrazzoli"
"Ufinity Partnership Master SOW-Project","Satish Nair","Faraz Ahmad","Terence Wong","APAC Asia","","Framework","Monthly - Billing","110439751","USD","18060480.00","3/26/2024","06 - Project Booked","USD","0.00","USD","19919680.00","USD","0.00",".","1","Terence Wong"
"Ufinity Partnership Work Order 1-Project","Chyan Yee Goh","Faraz Ahmad","","APAC Asia","","Framework","Monthly - Billing","110439751","USD","0.00","4/12/2024","06 - Project Booked","USD","36200.00","USD","111000.00","USD","39800.00",".","0","Terence Wong"
"PLDT Enterprise - [CORE] OSS Transformation CR (PARENT)-Project","Abbas Abdul Kapur","Naveen Mallam","","APAC Asia","APAC ASEAN - ENT","Holdback","Monthly - Billing","4-874934","USD","3101013.73","9/1/2025","06 - Project Booked","USD","2623265.40","USD","2176734.60","USD","2984265.40","1200002077","0","Amy Chai"
"BAT - AWS Marketplace Investment - CSG - New-Project","Smita Sethi","Samantha Partridge","","EMEA UKI","EMEA UKI - ICE - RCG","AWS SI Funding","Monthly - Billing","4-321309","USD","714687.87","1/31/2025","06 - Project Booked","USD","0.00","USD","714687.87","USD","260666.83",".","1","Joe Dempsey"
"Civica - Change Order 2 for team extensions-Project","Neha Swaly-Kapadia","Sean Driscoll","Felix Shalom","EMEA UKI","EMEA UKI - TMTCBS - Tech","Holdback","Monthly - Billing","6152232","GBP","109542.00","10/23/2024","06 - Project Booked","GBP","97555.32","GBP","11986.68","GBP","97555.32","96818-OH","0","Felix Shalom"
"L&G Data Cloud - Implementation-Project","Senthil Subramanian","Abhas Singh","","EMEA UKI","EMEA UKI - REG - INS","Holdback","Monthly - Billing","4-453006","GBP","139090.00","2/18/2026","06 - Project Booked","GBP","138877.86","GBP","182.14","GBP","138877.86","1005101294","0","James Miller"
"UKI - Capita - EOS Co-Funding for SRM + Agentic Bidding-Project","Jose Santos","Sean Driscoll","","EMEA UKI","EMEA UKI - TMTCBS - BS","Holdback","Monthly - Billing","4-231906","GBP","995317.20","1/28/2026","06 - Project Booked","GBP","359544.24","GBP","346420.56","GBP","358353.60","4200038380","0","Eric McCune"
"Suzuki Lead Management Phase 1 and 2 (Parent)-Project","Andrew Coward","Samantha Partridge","","EMEA UKI","EMEA UKI - ICE - MEA","Holdback","Monthly - Billing","110724616","GBP","1694150.00","1/30/2026","06 - Project Booked","GBP","1123166.88","GBP","847833.12","GBP","1119352.44","220029855","0","Candice Biden"
"BAT - AWS Marketplace Investment - CSG - GBP-Project","Smita Sethi","Samantha Partridge","","EMEA UKI","EMEA UKI - UK - RCG-TTH","AWS SI Funding","Monthly - Billing","4-321309","GBP","0.00","4/14/2026","06 - Project Booked","GBP","500772.20","GBP","50447.20","GBP","500772.20","PO case approved","0","Josh Waite"
"M&S - UKI/Int Loyalty Cloud - Build - CSG NB-Project","Samantha Partridge","Graham Keeble","Josh Waite","EMEA UKI","EMEA UKI - ICE - RCG","Holdback","Monthly - Billing","8044360","GBP","849240.00","9/30/2024","06 - Project Booked","GBP","846401.22","GBP","2838.78","GBP","846401.22","7000788351","0","Josh Waite"
"Avon Cosmetics - MC + Data Cloud + Personalisation SOW - CSG NB-Project","James Darrall","Steve Bacall","","EMEA UKI","EMEA UKI - ICE - RCG","Holdback","Monthly - Billing","7721044","USD","933796.00","11/16/2023","06 - Project Booked","USD","933790.62","USD","5.38","USD","962142.55","PO622398","0","Josh Waite"
"Aviva Health Transformation - Feature Team 5-Project","Pavani Jayanthy","Oren Steinberg","","EMEA UKI","EMEA UKI - REG - INS","Holdback","Monthly - Billing","9424843","GBP","0.00","7/31/2023","06 - Project Booked","GBP","768258.41","GBP","24.07","GBP","774603.05","PR61953 - FT5- Integrations","0","Simon Woolrych"
"Aviva Health Transformation - Feature Team 7-Project","Oren Steinberg","Pavani Jayanthy","","EMEA UKI","EMEA UKI - UK - Fins","Holdback","Monthly - Billing","9424843","GBP","0.00","7/31/2023","06 - Project Booked","GBP","254370.77","GBP","7.69","GBP","255015.36","C9499-V2-R1 - FT7 - XD","0","Simon Woolrych"
"Currys MCA Advisory extension- SUB PROJECT- CSG-Project","Alisha Swinton","Samantha Partridge","","EMEA UKI","EMEA UKI - ICE - RCG","Invoice with Subtotal(s)","Monthly - Billing","6818266","GBP","0.00","8/17/2026","06 - Project Booked","GBP","2137.50","GBP","10232.50","GBP","0.00","5000173447","0","Charlotte Pitcher"
"Currys- MCA D360 Implementation advisory SUB PROJECT- CSG-NB-Project","Alisha Swinton","Samantha Partridge","","EMEA UKI","EMEA UKI - ICE - RCG","Invoice with Subtotal(s)","Monthly - Billing","6818266","GBP","0.00","2/27/2026","06 - Project Booked","GBP","154478.39","GBP","5588.17","GBP","148419.50","5000166196","0","Charlotte Pitcher"
"Currys - VRF - MCA Advisory capacity subproject- csg- CHILD-Project","Samantha Partridge","Graham Keeble","","EMEA UKI","EMEA UKI - ICE - RCG","Invoice with Subtotal(s)","Monthly - Billing","6818266","GBP","0.00","10/15/2025","06 - Project Booked","GBP","26250.03","GBP","3676.72","GBP","26250.03","5000159518","0","Charlotte Pitcher"
"Currys - VRF - B2C CC TA Advisory capacity subproject- csg- CHILD-Project","Suresh Kanthiah","Samantha Partridge","","EMEA UKI","EMEA UKI - ICE - RCG","Invoice with Subtotal(s)","Monthly - Billing","6818266","GBP","0.00","9/26/2025","06 - Project Booked","GBP","0.00","GBP","51015.00","GBP","0.00","5000156839","0","Charlotte Pitcher"
"Value Retail- Phase 2- Loyalty Define ONLY - PARENT- CSG-NB- EXCL MULE-Project","Gemma Mumford","Samantha Partridge","","EMEA UKI","EMEA UKI - ICE - RCG","Holdback","Monthly - Billing","4-506657","GBP","253180.00","5/4/2023","06 - Project Booked","GBP","307190.49","GBP","589.51","GBP","311140.13","UG21P114028","1","Charlotte Pitcher"
"Boots - Strategic Planning (Phase 0) & Discovery PARENT CSG - New-Project","Denis Nabeth","Samantha Partridge","","EMEA UKI","EMEA UKI - ICE - RCG","Invoice with Subtotal(s)","Monthly - Billing","9794582","GBP","6021680.00","1/31/2024","06 - Project Booked","GBP","1478730.00","GBP","3457950.00","GBP","1951523.85","4203541684","1","Charlotte Pitcher"
"Boots- CO3 Mobilisation & Planning - csg-CHILD-Project","James Darrall","Samantha Partridge","Charlotte Pitcher","EMEA UKI","EMEA UKI - ICE - RCG","Invoice with Subtotal(s)","Monthly - Billing","9794582","GBP","0.00","7/26/2024","06 - Project Booked","GBP","1221040.00","GBP","2360.00","GBP","1225393.75","4203600060","0","Charlotte Pitcher"
"Centrica - £0 CR for NEP + Fusion POC-Project","Oscar Garcia Guerra","Howard Davies","","EMEA UKI","EMEA UKI - ICE - MEA","Separate Invoices","Monthly - Billing","4-277220","GBP","0.00","6/24/2025","06 - Project Booked","GBP","39160.00","GBP","6440.00","GBP","39160.00","6800133392","0","Joe Dempsey"
"Centrica - £0 CR for Whatsapp POC for NEP-Project","Oscar Garcia Guerra","Howard Davies","Joe Dempsey","EMEA UKI","EMEA UKI - ICE - MEA","Separate Invoices","Monthly - Billing","4-277220","GBP","0.00","6/20/2025","06 - Project Booked","GBP","34922.00","GBP","110.00","GBP","34922.00","6800130783","0","Joe Dempsey"
"Centrica - (Parent) Strategic Growth Investment Programme - CSG - New-Project","Oscar Garcia Guerra","Tom Waud","","EMEA UKI","EMEA UKI - ICE - MEA","Separate Invoices","Monthly - Billing","4-277220","GBP","4141332.00","1/31/2025","06 - Project Booked","GBP","385226.00","GBP","3564426.00","GBP","538733.80","6800126059","0","Joe Dempsey(BK)"
"British Broadcasting Corporation (BBC): Data and DashboardEssential WS-Project","David Gibbons","Evi Zarotiadis","","EMEA UKI","EMEA UKI - TMTCBS - CM","Holdback","Monthly - Billing","4-380159","USD","21080.00","6/30/2022","06 - Project Booked","USD","21064.50","USD","15.50","USD","21064.50","4401701092","0","Joanna Biernat-Sowka"
"Shell - SoW - Fleet - B2B Commerce + Revenue - EV 360 MVP (Build Phase)-Project","Howard Davies","Redha Elminyawi","","EMEA UKI","EMEA UKI - UK - MEA","Holdback","Monthly - Billing","4-540804","GBP","780700.00","4/28/2023","06 - Project Booked","GBP","774059.00","GBP","6641.00","GBP","779710.29",".","1","Jordan Hobbs"
"Paysafe - XD and Training - CSG-Project","Esti Roitelman","John Young","","EMEA UKI","EMEA UKI - REG - BANK","Holdback","Monthly - Billing","4-264812","GBP","241320.00","4/15/2026","06 - Project Booked","GBP","241236.00","GBP","84.00","GBP","243438.10","PO1250-00000777","0","James Miller"
"Fresenius Kabi - Phase 1 completion-Project","Chris Williams","Ming Liu","","EMEA UKI","EMEA UKI - UK - HLS","Holdback","Monthly - Billing","4-876970","GBP","220421.60","7/7/2022","06 - Project Booked","GBP","220418.84","GBP","2.76","GBP","220418.84",".","0","Robert Dempster"
"FT Data Cloud & MC - Implementation support-Project","Angeliki Patiri","Sean Driscoll","","EMEA UKI","EMEA UKI - TMTCBS - CM","Holdback","Monthly - Billing","4-318110","GBP","475213.60","5/5/2026","06 - Project Booked","GBP","165670.46","GBP","309543.14","GBP","165670.46","GBR0012881","0","Joe Carter(BK)"
"Spafax - Media Cloud Ad Sales Implementation-Project","Mahdi Lafram","Farah Khan","","EMEA UKI","EMEA UKI - TMTCBS - CM","Holdback","Monthly - Billing","4-492219","GBP","232900.00","1/31/2023","06 - Project Booked","GBP","232891.00","GBP","9.00","GBP","232891.00","CF-IFM-14339","0","Joe Carter"
"Avon Cosmetics - B2B Alpha Build SOW - CSG NB - Project","Steve Bacall","Senthil Subramanian","Josh Waite","EMEA UKI","EMEA UKI - ICE - RCG","Holdback","Monthly - Billing","7721044","USD","1821219.00","1/31/2024","06 - Project Booked","USD","1955119.89","USD","322912.51","USD","1972253.32","633835","0","Josh Waite"
"Aviva Health Transformation - Feature Team 6-Project","Pavani Jayanthy","Oren Steinberg","","EMEA UKI","EMEA UKI - REG - INS","Holdback","Monthly - Billing","9424843","GBP","0.00","7/31/2023","06 - Project Booked","GBP","1532386.15","GBP","1.09","GBP","1536830.44","C9499-V9-R2","0","Simon Woolrych"
"Pinnacle Pet Group Core/SFI/RC Release 1 Design & Deliver - CSG-Project","Guy Welby-Everard","Abhas Singh","","EMEA UKI","EMEA UKI - UK - Fins","Holdback","Monthly - Billing","2-100062","GBP","2862096.00","11/28/2022","06 - Project Booked","GBP","287344.00","GBP","2574752.00","GBP","287344.00","PO.0010152","1","James Miller"
"Gigaclear - BGL-2.1 and 2026","Bartosz Lamparski","Ritika Jain","","EMEA UKI","EMEA UKI - TMTCBS - CM","Holdback","Monthly - Billing","4-468370","GBP","4299620.00","11/7/2025","06 - Project Booked","GBP","3583643.97","GBP","715976.03","GBP","3551556.54","R01POH024906","0","Sachin Gupta"
"Kerry Delivery Phase-Project","John Young","Jose Neves","","EMEA UKI","EMEA UKI - REG - Ireland","Holdback","Monthly - Billing","4-211506","EUR","2017380.00","9/3/2025","06 - Project Booked","EUR","1987150.00","EUR","30230.00","EUR","1988852.93","7102551776","0","Louise Nicholls"
"Darktrace - October Go-Live-Project","Matthew Skan","Sean Driscoll","","EMEA UKI","EMEA UKI - TMTCBS - CM","Holdback","Monthly - Billing","5177273","USD","1527253.00","7/31/2025","06 - Project Booked","USD","1527224.84","USD","28.16","USD","1545446.95","PO-2024-103565","0","Felix Shalom"
"Civica - CO1 - CSG-Project","Neha Swaly-Kapadia","Sean Driscoll","Felix Shalom","EMEA UKI","EMEA UKI - TMTCBS - Tech","Holdback","Monthly - Billing","6152232","GBP","201600.00","5/30/2024","06 - Project Booked","GBP","201329.44","GBP","270.56","GBP","201329.44","96818-OH","0","Felix Shalom"
"Civica - Customer Services Transformation - CSG-Project","Lee Nightingale","Sean Driscoll","Felix Shalom","EMEA UKI","EMEA UKI - TMTCBS - Tech","Holdback","Monthly - Billing","6152232","GBP","406960.00","1/30/2024","06 - Project Booked","GBP","406636.00","GBP","324.00","GBP","422513.38","0095076-OH","0","Felix Shalom(AM)"
"Aviva Health Transformation - Feature Team 3-Project","Pavani Jayanthy","Oren Steinberg","","EMEA UKI","EMEA UKI - REG - INS","Holdback","Monthly - Billing","9424843","GBP","0.00","7/31/2023","06 - Project Booked","GBP","2365955.99","GBP","1.53","GBP","2397822.91","C9499-V2-R1 - FT3 - Claims","0","Simon Woolrych"
"Aviva Health Transformation - Feature Team 2-Project","Connie Lau","Oren Steinberg","","EMEA UKI","EMEA UKI - REG - INS","Holdback","Monthly - Billing","9424843","GBP","0.00","7/31/2023","06 - Project Booked","GBP","1923373.69","GBP","14.17","GBP","1935109.77","C9499-V2-R1","0","Simon Woolrych"
"Darktrace - Beta & R1 Extension - PARENT - CSG-Project","Matthew Skan","Lee Nightingale","","EMEA UKI","EMEA UKI - TMTCBS - Tech","Holdback","Monthly - Billing","5177273","USD","1493042.40","1/31/2025","06 - Project Booked","USD","2487813.65","USD","590.35","USD","2512044.80","PO-2024-103565","0","Sachin Gupta"
"Avon Cosmetics - B2B Alpha Build SOW - CO 002-Project","Steve Bacall","Senthil Subramanian","","EMEA UKI","EMEA UKI - ICE - RCG","Holdback","Monthly - Billing","7721044","USD","243019.20","5/31/2024","06 - Project Booked","USD","242750.88","USD","268.32","USD","245268.08","652195","0","Josh Waite"
"Avon Cosmetics - B2B Release 1 Build - CSG NB-Project","Steve Bacall","Senthil Subramanian","Josh Waite","EMEA UKI","EMEA UKI - ICE - RCG","Holdback","Monthly - Calendar","7721044","USD","4486389.60","6/28/2024","06 - Project Booked","USD","5105519.41","USD","245162.99","USD","5955351.55","PO656150","0","Josh Waite"
"UK - DBS (via Insight) - LTER RFP - (Main Programme) - CSG-Project","Gemma Mumford","Georgie Marks","","EMEA UKI","EMEA UKI - Pub Sec","Holdback","Quarterly","8081105","GBP","20875694.14","4/4/2025","06 - Project Booked","GBP","7270226.73","GBP","10894529.21","GBP","8144664.70","Main Program","1","David O'Farrell"
"MGroup - Platform Consolidation Renewal (MBNL/Cityfibre) - PO 2-Project","Bertrand Calvel","Samantha Partridge","","EMEA UKI","EMEA UKI - ICE - UTE","Invoice with Subtotal(s)","Monthly - Billing","4-245320","GBP","0.00","8/12/2026","06 - Project Booked","GBP","0.00","GBP","194920.00","GBP","0.00","MGS00026149 Telco","0","Nicola Venus"
"Centrica - BGB XD Resource-Project","Samantha Partridge","Howard Davies","","EMEA UKI","EMEA UKI - ICE - MEA","Separate Invoices","Monthly - Billing","4-277220","GBP","0.00","8/6/2026","06 - Project Booked","GBP","0.00","GBP","69300.00","GBP","0.00","6800161653","0","Nicola Venus"
"Centrica - Francisco Renewal 2-Project","Samantha Partridge","Howard Davies","","EMEA UKI","EMEA UKI - ICE - UTE","Separate Invoices","Monthly - Billing","4-277220","GBP","0.00","8/6/2026","06 - Project Booked","GBP","0.00","GBP","111176.00","GBP","0.00","6800162401","0","Nicola Venus"
"Centrica - OneCRM CO3-Project","Samantha Partridge","Howard Davies","","EMEA UKI","EMEA UKI - ICE - UTE","Separate Invoices","Monthly - Billing","4-277220","GBP","0.00","7/14/2026","06 - Project Booked","GBP","0.00","GBP","389385.60","GBP","0.00","6800159976","0","Nicola Venus"
"Centrica - CST 2 x Squads-Project","Samantha Partridge","Howard Davies","","EMEA UKI","EMEA UKI - ICE - UTE","Separate Invoices","Monthly - Billing","4-277220","GBP","0.00","7/30/2026","06 - Project Booked","GBP","0.00","GBP","1137500.00","GBP","0.00","6800161721","0","Nicola Venus"
"Centrica - Tunc Renewal Q2-Project","Tom Waud","Samantha Partridge","","EMEA UKI","EMEA UKI - ICE - UTE","Separate Invoices","Monthly - Billing","4-277220","GBP","0.00","6/24/2026","06 - Project Booked","GBP","0.00","GBP","111176.00","GBP","0.00","6800159244","1","Nicola Venus"
"Centrica - OneCRM Additional SA-Project","Howard Davies","Lyndsey McGonnell","","EMEA UKI","EMEA UKI - ICE - UTE","Separate Invoices","Monthly - Billing","4-277220","GBP","0.00","6/16/2026","06 - Project Booked","GBP","0.00","GBP","27200.00","GBP","0.00","6800158360","0","Nicola Venus"
"Centrica - Bord Gais-Project","James Darrall","Samantha Partridge","","EMEA UKI","EMEA UKI - ICE - UTE","Separate Invoices","Monthly - Billing","4-277220","GBP","0.00","6/9/2026","06 - Project Booked","GBP","0.00","GBP","48000.00","GBP","0.00","6800157687, 68001576","0","Nicola Venus"
"Centrica - OneCRM CO2-Project","James Darrall","Samantha Partridge","","EMEA UKI","EMEA UKI - ICE - MEA","Separate Invoices","Monthly - Billing","4-277220","GBP","0.00","6/9/2026","06 - Project Booked","GBP","0.00","GBP","324425.60","GBP","0.00","6800157862","0","Nicola Venus"
"Centrica - Dev Capacity B2B-Project","James Darrall","Samantha Partridge","","EMEA UKI","EMEA UKI - ICE - UTE","Separate Invoices","Monthly - Billing","4-277220","GBP","0.00","6/9/2026","06 - Project Booked","GBP","0.00","GBP","48000.00","GBP","0.00","6800157856","0","Nicola Venus"
"MGroup - (MWorks CO5)-Project","Benjamin Fairclough","Samantha Partridge","","EMEA UKI","EMEA UKI - ICE - UTE","Invoice with Subtotal(s)","Monthly - Billing","4-245320","GBP","0.00","6/24/2026","06 - Project Booked","GBP","221650.00","GBP","132890.00","GBP","220773.63","MGS00026796 Water","0","Nicola Venus"
"MGroup - 2026 Framework Extension Project","Benjamin Fairclough","Bertrand Calvel","","EMEA UKI","EMEA UKI - ICE - UTE","Invoice with Subtotal(s)","Monthly - Billing","4-245320","GBP","2558620.00","4/30/2026","06 - Project Booked","GBP","0.00","GBP","2558620.00","GBP","0.00","MGS00026149","1","Nicola Venus"
"MGroup - (Mworks CO4)-Project","Benjamin Fairclough","Samantha Partridge","","EMEA UKI","EMEA UKI - ICE - UTE","Invoice with Subtotal(s)","Monthly - Billing","4-245320","GBP","0.00","4/28/2026","06 - Project Booked","GBP","120305.00","GBP","22495.00","GBP","120305.00","MWS00165597 Water","0","Nicola Venus"
"MGroup -(Agility Eco MVP Delivery CO)-Project","Benjamin Fairclough","Oscar Garcia Guerra","","EMEA UKI","EMEA UKI - ICE - UTE","Invoice with Subtotal(s)","Monthly - Billing","8594565","GBP","0.00","4/15/2026","06 - Project Booked","GBP","720520.00","GBP","5600.00","GBP","720520.00","MGS00025984 Agility Eco","0","Nicola Venus"
"Centrica - Renewal for Bhavdip & Bhavik Q1-Project","Howard Davies","Lyndsey McGonnell","","EMEA UKI","EMEA UKI - ICE - MEA","Separate Invoices","Monthly - Billing","4-277220","GBP","0.00","4/7/2026","06 - Project Booked","GBP","0.00","GBP","72800.00","GBP","0.00","6800155021","0","Nicola Venus"
"Centrica - Leadership £0 CO Q1-Project","James Darrall","Lyndsey McGonnell","","EMEA UKI","EMEA UKI - ICE - MEA","Separate Invoices","Monthly - Billing","4-277220","GBP","0.00","4/28/2026","06 - Project Booked","GBP","0.00","GBP","111176.00","GBP","0.00","6800156416","0","Nicola Venus"
"MGroup - Platform MBNL - FSL - (EX-Cityfibre)-Project","Bertrand Calvel","Oscar Garcia Guerra","","EMEA UKI","EMEA UKI - ICE - UTE","Invoice with Subtotal(s)","Monthly - Billing","4-245320","GBP","0.00","3/26/2026","06 - Project Booked","GBP","454579.50","GBP","243178.50","GBP","454579.50","MGS00026149 Telco","0","Nicola Venus"
"MGroup - (Mworks CO3)-Project","Benjamin Fairclough","Oscar Garcia Guerra","","EMEA UKI","EMEA UKI - ICE - UTE","Invoice with Subtotal(s)","Monthly - Billing","4-245320","GBP","0.00","2/25/2026","06 - Project Booked","GBP","255943.00","GBP","1097.00","GBP","255943.00","MGS00025234","0","Nicola Venus"
"Centrica - CTO+ 2026 (12 months) - CSG-Project","Santhosh kumar Karri","Samantha Partridge","","EMEA UKI","EMEA UKI - ICE - UTE","Separate Invoices","Monthly - Billing","4-277220","GBP","3982157.60","1/23/2026","06 - Project Booked","GBP","2406700.20","GBP","1464281.40","GBP","2484278.40","6800159244","1","Nicola Venus"
"MGroup - (Agility Eco CO Discovery) - Project","Benjamin Fairclough","Graham Bell","","EMEA UKI","EMEA UKI - ICE - UTE","Invoice with Subtotal(s)","Monthly - Billing","4-245320","GBP","0.00","4/15/2026","06 - Project Booked","GBP","180810.00","GBP","3030.00","GBP","180810.00","MGS00026001 Agility Eco","0","Nicola Venus"
"MGroup - Framework 2026 - Project","Benjamin Fairclough","Bertrand Calvel","","EMEA UKI","EMEA UKI - ICE - UTE","Invoice with Subtotal(s)","Monthly - Billing","4-245320","GBP","2460410.00","1/23/2026","06 - Project Booked","GBP","9680.00","GBP","2307930.00","GBP","63300.23","MGS00015037","1","Nicola Venus"
"MGroup - Platform Consolidation CO2 (Mworks)-Project","Benjamin Fairclough","Oscar Garcia Guerra","","EMEA UKI","EMEA UKI - ICE - UTE","Separate Invoices","Monthly - Billing","4-245320","GBP","0.00","12/8/2025","06 - Project Booked","GBP","143780.00","GBP","20.00","GBP","143780.00","MGS00022149","0","Nicola Venus"
"MGroup - Platform Consolidation CO for Southern Water-Project","Benjamin Fairclough","Oscar Garcia Guerra","","EMEA UKI","EMEA UKI - ICE - UTE","Separate Invoices","Monthly - Billing","4-245320","GBP","0.00","8/18/2025","06 - Project Booked","GBP","343790.00","GBP","10.00","GBP","386117.16","MGS00022149","0","Nicola Venus"
"MGroup - Consolidated Projects Offering","Graham Bell","Nicola Venus","","EMEA UKI","EMEA UKI - ICE - MEA","Separate Invoices","Monthly - Billing","4-245320","GBP","1043800.00","5/19/2025","06 - Project Booked","GBP","75650.00","GBP","968150.00","GBP","75650.00","ANS00026294","0","Nicola Venus"
"Centrica - £0 CR for Services NEP extension no3 (4 weeks)-Project","James Darrall","Oscar Garcia Guerra","","EMEA UKI","EMEA UKI - ICE - UTE","Separate Invoices","Monthly - Billing","4-277220","GBP","0.00","10/3/2025","06 - Project Booked","GBP","175470.00","GBP","16210.00","GBP","175470.00","6800140146","0","Emre Yayici"
"Centrica - £0 CR for Senior Transformation Director-Project","Oscar Garcia Guerra","Howard Davies","","EMEA UKI","EMEA UKI - ICE - UTE","Separate Invoices","Monthly - Billing","4-277220","GBP","0.00","8/8/2025","06 - Project Booked","GBP","281580.00","GBP","12540.00","GBP","281580.00","6800137515","0","Emre Yayici"
"Centrica - £0 CR for Services NEP extension-Project","Oscar Garcia Guerra","Howard Davies","","EMEA UKI","EMEA UKI - ICE - UTE","Separate Invoices","Monthly - Billing","4-277220","GBP","0.00","7/31/2025","06 - Project Booked","GBP","56470.00","GBP","2210.00","GBP","56470.00","6800135638","0","Emre Yayici"
"Centrica - £0 CR for Services NEP extension (3 weeks)-Project","Oscar Garcia Guerra","Howard Davies","","EMEA UKI","EMEA UKI - ICE - UTE","Separate Invoices","Monthly - Billing","4-277220","GBP","0.00","8/8/2025","06 - Project Booked","GBP","44914.00","GBP","166.00","GBP","44914.00","6800137495","0","Emre Yayici"
"Aviva Health SME and Consumer-Project","Julian Smith","Cagdas Cihan Ordu","","EMEA UKI","EMEA UKI - REG - INS","Holdback","Monthly - Billing","9424843","GBP","14273792.48","1/29/2025","06 - Project Booked","GBP","182465.13","GBP","14091327.35","GBP","170520.61","C12783-R1","1","Simon Woolrych"
"Aviva Health new reqs - Base-Project","Julian Smith","Cagdas Cihan Ordu","","EMEA UKI","EMEA UKI - REG - INS","Holdback","Monthly - Billing","9424843","GBP","6794824.31","8/5/2024","06 - Project Booked","GBP","6748875.13","GBP","45949.18","GBP","6750490.33","C9499-V9-R2","0","Simon Woolrych"
"Aviva Health Transformation - Governance   + CRMA (PARENT)","Julian Smith","Cagdas Cihan Ordu","","EMEA UKI","EMEA UKI - REG - INS","Holdback","Monthly - Billing","9424843","GBP","12461778.64","7/31/2023","06 - Project Booked","GBP","3878081.90","GBP","51.78","GBP","3983932.97","C9499-V9-R2","0","Simon Woolrych"
"WSV - WO37 - Data Duplication Remediation-Project","Marcus Costa","Stephen Moss","","APAC ANZ","APAC ANZ - Pub Sec","Framework","Monthly - Billing","4-793233","AUD","162960.00","7/17/2026","06 - Project Booked","AUD","152700.00","AUD","10260.00","AUD","152700.00",".","0","Veronica Roehrig"
"MS - People First Bank CO1 (WO7-Project","Laura Smith","Mukesh Rijhwani","","APAC ANZ","APAC ANZ -  IND NZ WEALTH","Framework","Monthly - Billing","4-520920","AUD","42640.00","12/12/2025","06 - Project Booked","AUD","32144.00","AUD","10496.00","AUD","32144.00","PO110864","0","Rohan Das"
"WSV W10 CO 1 SCO extension - CARS-Project","Uday Gupta","Rick Dixon","","APAC ANZ","APAC ANZ - Pub Sec","Framework","Monthly - Billing","4-793233","AUD","0.00","12/31/2024","06 - Project Booked","AUD","126228.00","AUD","11216.00","AUD","126228.00","VWA4018679","0","Nigel Karunatileke"
"WSV - WO 21 (CARS SCO extension)-Project","Stephen Santos","Archana Nandineni","","APAC ANZ","APAC ANZ - Pub Sec","Framework","Monthly - Billing","4-793233","AUD","716952.00","2/27/2025","06 - Project Booked","AUD","715508.00","AUD","1444.00","AUD","715508.00","VWA4021265","0","Nigel Karunatileke"
"WSV - WO35 - Psychological Health Regulations-Project","Marcus Costa","Stephen Santos","","APAC ANZ","APAC ANZ - Pub Sec","Framework","Monthly - Billing","4-793233","AUD","71760.00","6/3/2026","06 - Project Booked","AUD","7176.00","AUD","64584.00","AUD","7176.00","VWA4026837","0","Veronica Roehrig"
"WSV - WO30 - SCO Feb-Jan-Project","Marcus Costa","Stephen Santos","Veronica Roehrig","APAC ANZ","APAC ANZ - Pub Sec","Framework","Monthly - Billing","4-793233","AUD","1097928.00","1/29/2026","06 - Project Booked","AUD","573183.00","AUD","524745.00","AUD","573183.00","VWA4025235","0","Veronica Roehrig(NK)"
"WSV - WO29 - SCO Extension Claims-Project","Stephen Santos","Tasa Markovski","Veronica Roehrig","APAC ANZ","APAC ANZ - Pub Sec","Framework","Monthly - Billing","4-793233","AUD","0.00","12/21/2025","06 - Project Booked","AUD","0.00","AUD","550160.00","AUD","0.00","VWA4024810","0","Veronica Roehrig(NK)"
"DE Vic _SF Access Management(MSOW011WO012CO017)","Mel Taouk","Archana Nandineni","","APAC ANZ","APAC ANZ - Pub Sec","Framework","Monthly - Billing","9440570","AUD","0.00","2/15/2026","06 - Project Booked","AUD","450565.00","AUD","131.00","AUD","450565.00","ORD10034660","0","Veronica Roehrig"
"WSV - WO39 - Continuous Improvement for Health and Safety-Project","Marcus Costa","Stephen Santos","","APAC ANZ","APAC ANZ - Pub Sec","Framework","Monthly - Billing","4-793233","AUD","129760.00","7/10/2026","06 - Project Booked","AUD","96992.00","AUD","32768.00","AUD","96992.00","VWA4027118","0","Veronica Roehrig"
"MS - IAG MuleSoft Expert Services (Svcs) SOW-Project","Derek Lin","Leen Wellens","","APAC ANZ","APAC ANZ - ENT","AWS SI Funding","Monthly - Billing","4-465362","USD","712121.50","1/31/2025","06 - Project Booked","USD","278080.64","USD","434040.86","USD","297470.08","IAL153584","0","Larry Samuels"
"MS - People First Framework SOW (Svcs) SOW-Project","Laura Smith","Leen Wellens","Larry Samuels","APAC ANZ","APAC ANZ - ENT","Framework","Monthly - Billing","8237438","AUD","9992064.00","6/26/2024","06 - Project Booked","AUD","0.00","AUD","7566696.00","AUD","0.00","TBD","1","Larry Samuels"
"DE Vic - Assurance CO 27-Project","Mel Taouk","Archana Nandineni","","APAC ANZ","APAC ANZ - Pub Sec","Framework","Monthly - Billing","9440570","AUD","0.00","7/16/2026","06 - Project Booked","AUD","380064.00","AUD","842716.00","AUD","369224.00","TBD","0","Nigel Karunatileke"
"DE Vic CO 20 AI-Project","Mel Taouk","Archana Nandineni","","APAC ANZ","APAC ANZ - Pub Sec","Framework","Monthly - Billing","9440570","AUD","0.00","6/29/2026","06 - Project Booked","AUD","118938.00","AUD","144438.00","AUD","118938.00","ORD10047702","0","Nigel Karunatileke"
"DE Vic-Student Insight(MSOW011WO012CO024)","Mel Taouk","Archana Nandineni","","APAC ANZ","APAC ANZ - Pub Sec","Framework","Monthly - Billing","9440570","AUD","0.00","6/16/2026","06 - Project Booked","AUD","136293.00","AUD","43.00","AUD","136293.00","TBD","0","Nigel Karunatileke"
"DE Vic-School Care(MSOW011WO012CO025)","Mel Taouk","Syeda Wajeeda Ahmed -","","APAC ANZ","APAC ANZ - Pub Sec","Framework","Monthly - Billing","9440570","AUD","0.00","6/24/2026","06 - Project Booked","AUD","80496.00","AUD","24768.00","AUD","105264.00","ORD10048348","0","Nigel Karunatileke"
"DE Vic_Victorian School Register(MSOW011WO012CO021)","Mel Taouk","Archana Nandineni","","APAC ANZ","APAC ANZ - Pub Sec","Framework","Monthly - Billing","9440570","AUD","0.00","5/18/2026","06 - Project Booked","AUD","129214.50","AUD","25.50","AUD","129214.50","ORD10042765","0","Nigel Karunatileke"
"DE Vic_MuleSoft Extn(MSOW011WO012CO019)","Mel Taouk","Syeda Wajeeda Ahmed -","","APAC ANZ","APAC ANZ - Pub Sec","Framework","Monthly - Billing","9440570","AUD","0.00","3/5/2026","06 - Project Booked","AUD","364148.00","AUD","31180.00","AUD","364148.00","ORD10036067","0","Nigel Karunatileke"
"DE Vic_ AI PAS Project(MSOW011WO12CO12)","Mel Taouk","Syeda Wajeeda Ahmed -","","APAC ANZ","APAC ANZ - Pub Sec","Framework","Monthly - Billing","9440570","AUD","0.00","12/18/2025","06 - Project Booked","AUD","92295.00","AUD","369.00","AUD","92295.00","ORD10028647","0","Nigel Karunatileke"
"DE Vic_MuleSoft(MSOW011WO012CO006)","Mel Taouk","Syeda Wajeeda Ahmed -","","APAC ANZ","APAC ANZ - Pub Sec","Framework","Monthly - Billing","9440570","AUD","0.00","12/12/2025","06 - Project Booked","AUD","320946.00","AUD","134.00","AUD","320946.00","ORD10031168","0","Nigel Karunatileke"
"DE Vic_Data Cloud(MSOW011WO012CO004)","Mel Taouk","Archana Nandineni","","APAC ANZ","APAC ANZ - Pub Sec","Framework","Monthly - Billing","9440570","AUD","0.00","11/26/2025","06 - Project Booked","AUD","129400.50","AUD","55.50","AUD","129400.50","ORD10027055","0","Nigel Karunatileke"
"WSV - WO 16 (CARS short term extension)-Project","Izzah Ahmad Khan","Rick Dixon","","APAC ANZ","APAC ANZ - Pub Sec","Framework","Monthly - Billing","4-793233","AUD","0.00","10/29/2024","06 - Project Booked","AUD","115172.00","AUD","33107.00","AUD","115172.00","VWA4020151","0","Nigel Karunatileke"
"WSV - Work Order 3 - Delivery Leader effort AUS FY24-Project","Izzah Ahmad Khan","Rick Dixon","Nigel Karunatileke","APAC ANZ","APAC ANZ - PubSec South","Framework","Monthly - Billing","4-793233","AUD","0.00","7/1/2024","06 - Project Booked","AUD","96480.00","AUD","6432.00","AUD","96480.00","VWA4018449","0","Nigel Karunatileke"
"WSV WO 10 - SCO Claims and Recovery FY 25-Project","Uday Gupta","Rick Dixon","","APAC ANZ","APAC ANZ - Pub Sec","Framework","Monthly - Billing","4-793233","AUD","0.00","6/28/2024","06 - Project Booked","AUD","308040.00","AUD","10200.00","AUD","308040.00","VWA4018679","0","Nigel Karunatileke"
"WSV - WO 1 CO 2 CARS team extension-Project","Uday Gupta","Rick Dixon","","APAC ANZ","APAC ANZ - Pub Sec","Framework","Monthly - Billing","4-793233","AUD","0.00","12/19/2024","06 - Project Booked","AUD","886627.00","AUD","83430.00","AUD","886627.00","VWA4018272","0","Nigel Karunatileke"
"WSV - CO2WO26-Project","Marcus Costa","Stephen Santos","","APAC ANZ","APAC ANZ - Pub Sec","Framework","Monthly - Billing","4-793233","AUD","454080.00","2/23/2026","06 - Project Booked","AUD","431600.00","AUD","22480.00","AUD","431600.00","VWA4023291","0","Veronica Roehrig"
"DE Vic MSOW 11 WO 10 - Student Insight Deployment Services-Project","Syeda Wajeeda Ahmed -","Mel Taouk","","APAC ANZ","APAC ANZ - Pub Sec","Framework","Monthly - Billing","9440570","AUD","350120.00","8/8/2025","06 - Project Booked","AUD","349895.00","AUD","225.00","AUD","354439.00","TBD","0","Veronica Roehrig(NK)"
"DE Vic MSOW 11 WO 09 - SI extension-Project","Syeda Wajeeda Ahmed -","Leen Wellens","","APAC ANZ","APAC ANZ - Pub Sec","Framework","Monthly - Billing","9440570","AUD","136319.00","7/31/2025","06 - Project Booked","AUD","136233.00","AUD","86.00","AUD","136233.00","TBD","0","Veronica Roehrig(NK)"
"WSV - WO36 - Permission Claims Concealment-Project","Marcus Costa","Stephen Santos","","APAC ANZ","APAC ANZ - Pub Sec","Framework","Monthly - Billing","4-793233","AUD","244440.00","7/22/2026","06 - Project Booked","AUD","35040.00","AUD","209400.00","AUD","35040.00","VWA4027394","0","Veronica Roehrig"
"WSV - WO23 CO2-Project","Marcus Costa","Stephen Santos","","APAC ANZ","APAC ANZ - Pub Sec","Framework","Monthly - Billing","4-793233","AUD","177356.00","2/26/2026","06 - Project Booked","AUD","143900.00","AUD","33456.00","AUD","143900.00","VWA4022923","0","Veronica Roehrig"
"DE VIC_ Citizen Connect, Support & Intervention and Compliance-Project","Syeda Wajeeda Ahmed -","Izzah Ahmad Khan","","APAC ANZ","APAC ANZ - Pub Sec","Framework","Monthly - Billing","9440570","AUD","590363.00","6/18/2025","06 - Project Booked","AUD","540268.00","AUD","31.00","AUD","590332.00","71318, SOW03861864","0","Veronica Roehrig(NK)"
"DE VIC - MSOW 011 - WO 04 - Student Insights (ALL IN)-Project","Syeda Wajeeda Ahmed -","Izzah Ahmad Khan","","APAC ANZ","APAC ANZ - Pub Sec","Framework","Monthly - Billing","9440570","AUD","2041920.00","2/21/2025","06 - Project Booked","AUD","2041892.00","AUD","28.00","AUD","2041892.00","100098, MSOW 011 WO 04","0","Nigel Karunatileke"
"WSV WO 1 CO 1 - CARS program FY 25 (May 25th 2024 and Mid Dec 2024)-Project","Izzah Ahmad Khan","Rick Dixon","Nigel Karunatileke","APAC ANZ","APAC ANZ - Pub Sec","Framework","Monthly - Billing","4-793233","AUD","0.00","5/29/2024","06 - Project Booked","AUD","2670072.00","AUD","136.00","AUD","2670072.00","VWA4018272","0","Nigel Karunatileke"
"DE Vic_Student Insight(MSOW011WO012CO001)","Mel Taouk","Archana Nandineni","","APAC ANZ","APAC ANZ - Pub Sec","Framework","Monthly - Billing","9440570","AUD","0.00","11/20/2025","06 - Project Booked","AUD","3149719.00","AUD","48.00","AUD","3149719.00","ORD10028795","0","Nigel Karunatileke"
"MS - People First Bank Work Order 09 (Svcs) FrameworkSOW-Project","Laura Smith","Mukesh Rijhwani","","APAC ANZ","APAC ANZ - IND NZ WEALTH","Framework","Monthly - Billing","4-520920","AUD","340808.00","5/25/2026","06 - Project Booked","AUD","149072.00","AUD","191736.00","AUD","135608.00","tbc","0","Rohit Sood"
"MS - People First Bank Work Order 08 (Svcs)-Project","Laura Smith","Leen Wellens","","APAC ANZ","APAC ANZ - IND NZ WEALTH","Framework","Monthly - Billing","8237438","AUD","307488.00","3/31/2026","06 - Project Booked","AUD","267108.00","AUD","40380.00","AUD","276405.17","TBD","0","Chantel Lorimer"
"MS - People First Bank Work Order 07 (Svcs)-Project","Laura Smith","Mukesh Rijhwani","","APAC ANZ","APAC ANZ -  IND NZ WEALTH","Framework","Monthly - Billing","8237438","AUD","290472.00","11/28/2025","06 - Project Booked","AUD","254888.00","AUD","35584.00","AUD","254888.00","PO110864","0","Rohan Das(MS)"
"MS - People First Bank Work Order 06 (Svcs) FrameworkSOW-Project","Laura Smith","Leen Wellens","","APAC ANZ","APAC ANZ -  IND NZ WEALTH","Framework","Monthly - Billing","8237438","AUD","209704.00","9/26/2025","06 - Project Booked","AUD","184729.00","AUD","24975.00","AUD","184729.00","PO110317","0","Rohan Das(MS)"
"MS - People First Bank Work Order 03 (Svcs) -Project","Laura Smith","Leen Wellens","","APAC ANZ","APAC ANZ - ENT","Framework","Monthly - Billing","8237438","AUD","0.00","1/13/2025","06 - Project Booked","AUD","214496.00","AUD","27720.00","AUD","215136.00","PO108445","0","Larry Samuels"
"MS - People First Work Order 02 (Svcs) #FrameworkSOW-Project","Laura Smith","Leen Wellens","Larry Samuels","APAC ANZ","APAC ANZ - ENT","Framework","Monthly - Billing","8237438","AUD","0.00","10/2/2024","06 - Project Booked","AUD","182452.00","AUD","22500.00","AUD","182452.00","PO108104","0","Larry Samuels"
"MS - People First Work Order 01 (Svcs) FrameworkSOW-Project","Laura Smith","Leen Wellens","Larry Samuels","APAC ANZ","APAC ANZ - Fins","Framework","Monthly - Billing","8237438","AUD","0.00","6/21/2024","06 - Project Booked","AUD","293936.00","AUD","45312.00","AUD","293936.00","PO107028","0","Larry Samuels"
"DE Vic_MSOW011WO07CO01","Mel Taouk","Archana Nandineni","","APAC ANZ","APAC ANZ - Pub Sec","Framework","Monthly - Billing","9440570","AUD","352944.00","6/26/2025","06 - Project Booked","AUD","352936.00","AUD","8.00","AUD","352936.00","ORD10010339","0","Veronica Roehrig(NK)"
"DE Vic_SSPRT(MSOW011WO012CO002)","Mel Taouk","Archana Nandineni","","APAC ANZ","APAC ANZ - Pub Sec","Framework","Monthly - Billing","9440570","AUD","0.00","12/17/2025","06 - Project Booked","AUD","3150101.50","AUD","18.50","AUD","3150101.50","ORD10028794","0","Nigel Karunatileke"
"DE Vic_FY26_Transformation Program_Phase 1","Mel Taouk","Syeda Wajeeda Ahmed -","","APAC ANZ","APAC ANZ - Pub Sec","Framework","Monthly - Billing","9440570","AUD","14999943.00","8/20/2025","06 - Project Booked","AUD","0.00","AUD","1904242.00","AUD","2314528.00",".","1","Veronica Roehrig(NK)"
"DE Vic_Orphan Apps(MSOW11WO002)","Mel Taouk","Archana Nandineni","","APAC ANZ","APAC ANZ - Pub Sec","Framework","Monthly - Billing","9440570","AUD","4649850.00","4/25/2025","06 - Project Booked","AUD","4649772.00","AUD","78.00","AUD","4649850.00","TBD","0","Nigel Karunatileke"
"WSV - Work Order 1 - Claims and Recovery team extension-Project","Izzah Ahmad Khan","Rick Dixon","Nigel Karunatileke","APAC ANZ","APAC ANZ - PubSec South","Framework","Monthly - Billing","4-793233","AUD","0.00","12/19/2023","06 - Project Booked","AUD","701544.00","AUD","48.00","AUD","701544.00","VWA4016400","0","Nigel Karunatileke"
"WSV - MS - PREBOOK - Work Order #4 - Mulesoft Program Architect (6 mo)  -Project","Izzah Ahmad Khan","Rick Dixon","Shea Hatcher","APAC ANZ","APAC ANZ - PubSec South","Framework","Monthly - Billing","4-793233","AUD","0.00","3/19/2024","06 - Project Booked","AUD","51322.00","AUD","77318.00","AUD","51322.00","VWA4018244","0","Shea Hatcher"
"MS - WSV Work Order 2 Catalyst Launch Platform Setup P1 - (svcs)-Project","Izzah Ahmad Khan","Rick Dixon","","APAC ANZ","APAC ANZ - PubSec South","Framework","Monthly - Billing","4-793233","AUD","0.00","12/19/2023","06 - Project Booked","AUD","291489.00","AUD","91.00","AUD","291489.00","VWA4016429","0","Shea Hatcher"
"WSV - Services (5 year agreement)-Project","Tasa Markovski","Rick Dixon","Nigel Karunatileke","APAC ANZ","APAC ANZ - PubSec South","Framework","Monthly - Billing","4-793233","AUD","32398792.00","10/27/2023","06 - Project Booked","AUD","0.00","AUD","28568079.80","AUD","0.00",".","1","Nigel Karunatileke"
"WSV - WO 9 (Dev requirements in Prevention Program)-Project","Izzah Ahmad Khan","Rick Dixon","","APAC ANZ","APAC ANZ - Pub Sec","Framework","Monthly - Billing","4-793233","AUD","0.00","4/23/2024","06 - Project Booked","AUD","61200.00","AUD","38760.00","AUD","61200.00","VWA4017800","0","Nigel Karunatileke"
"Telstra - B2B - CPQO - PRE-GA - CSG-Project","Fabrizia Natola","Tracey Frawley","","APAC ANZ","APAC ANZ - Verts","Holdback","Monthly - Billing","4-655501","AUD","1932336.00","5/5/2023","06 - Project Booked","AUD","1249129.10","AUD","683206.90","AUD","1538979.50","TLS2TQ00011328","0","Christopher Forte"
"WSV - WO40 - MuleSoft Extension Jul+ Aug-Project","Marcus Costa","Stephen Santos","","APAC ANZ","APAC ANZ - Pub Sec","Framework","Monthly - Billing","4-793233","AUD","98912.00","7/8/2026","06 - Project Booked","AUD","62944.00","AUD","35968.00","AUD","62944.00","VWA4027121","0","Veronica Roehrig"
"WSV WO22  - SIP Program-Project","Eddie Chinnappan","Tasa Markovski","","APAC ANZ","APAC ANZ - Pub Sec","Framework","Monthly - Billing","4-793233","AUD","307800.00","5/6/2025","06 - Project Booked","AUD","300402.00","AUD","339198.00","AUD","300402.00","VWA4022550","0","Nigel Karunatileke"
"WSV - Work Order 8 (Pre-scoping Mulesoft)-Project","Izzah Ahmad Khan","Rick Dixon","Nigel Karunatileke","APAC ANZ","APAC ANZ - Pub Sec","Framework","Monthly - Billing","4-793233","AUD","0.00","4/23/2024","06 - Project Booked","AUD","59764.00","AUD","43148.00","AUD","59764.00","VWA4017698","0","Nigel Karunatileke"
"WSV -  WO 11 (Mulesoft Team, new squad and extension of an architect)-Project","Eddie Chinnappan","Rick Dixon","","APAC ANZ","APAC ANZ - Pub Sec","Framework","Monthly - Billing","4-793233","AUD","0.00","6/28/2024","06 - Project Booked","AUD","1773900.00","AUD","85500.00","AUD","1773900.00","VWA4018821","0","Nigel Karunatileke"
"MSOW - WO33 - WSV - CSMI Phase 1 Completion + Phase 2 Define and Design-Project","Marcus Costa","Stephen Santos","","APAC ANZ","APAC ANZ - Pub Sec","Framework","Monthly - Billing","4-793233","AUD","13295304.00","5/14/2026","06 - Project Booked","AUD","5402162.00","AUD","7893142.00","AUD","5364254.61","VWA4026110","0","Veronica Roehrig"
"WSV - WO32 - CSMI-Project","Marcus Costa","Stephen Santos","","APAC ANZ","APAC ANZ - Pub Sec","Framework","Monthly - Billing","4-793233","AUD","0.00","4/8/2026","06 - Project Booked","AUD","3293338.00","AUD","9.00","AUD","3293338.00","VWA4025777","0","Veronica Roehrig"
"DE Vic_Student Insight Extension(MSOW011WO012CO015)","Mel Taouk","Archana Nandineni","","APAC ANZ","APAC ANZ - Pub Sec","Framework","Monthly - Billing","9440570","AUD","0.00","1/18/2026","06 - Project Booked","AUD","1965564.00","AUD","96.00","AUD","1965564.00","ORD10030981","0","Veronica Roehrig(NK)"
"DE Vic- MS - Student Insights Mule 3M - Project","Syeda Wajeeda Ahmed -","Mel Taouk","","APAC ANZ","APAC ANZ - Pub Sec","Framework","Monthly - Billing","9440570","AUD","440160.00","6/26/2025","06 - Project Booked","AUD","440148.00","AUD","12.00","AUD","440148.00","ORD10010133","0","Shea Hatcher(NK)"
"MS - DE VIC - Mule Add-on for Student Insights - (WO)-Project","Syeda Wajeeda Ahmed -","Izzah Ahmad Khan","","APAC ANZ","APAC ANZ - Pub Sec","Framework","Monthly - Billing","9440570","AUD","452824.00","3/31/2025","06 - Project Booked","AUD","452810.00","AUD","14.00","AUD","452810.00","ORD10003875","0","Shea Hatcher"
"DE VIC - WO Mulesoft-Project","Syeda Wajeeda Ahmed -","Leen Wellens","","APAC ANZ","APAC ANZ - Pub Sec","Framework","Monthly - Billing","9440570","AUD","135072.00","2/28/2025","06 - Project Booked","AUD","134854.00","AUD","218.00","AUD","134854.00","TBD","0","Shea Hatcher"
"3 Waters Entity A Implementation-Project","Tasa Markovski","Melinda Tran","","APAC ANZ","APAC ANZ - PubSec South","Holdback","Monthly - Billing","9195259","AUD","16999463.00","4/17/2023","06 - Project Booked","AUD","14966009.04","AUD","2033453.96","AUD","15095083.77","12N2021PUR","0","Danielle Mansfield(JA)"
"AD | SRG - Accelerated Delivery (USD) - AWS - T&M-Project","Vicky Donnelly","Neema Tyagi","","APAC ANZ","APAC ANZ -  IND NZ WEALTH","AWS SI Funding","Monthly - Billing","4-675308","USD","445800.60","7/13/2026","06 - Project Booked","USD","108882.24","USD","336918.36","USD","95127.84","3M-20405593","1","Vincent Di Bella"
"W@W2 - PS - B2B Commerce, Sales & Service, DC & MC - SOW002-Project","Ketika Maheshwari","Leen Wellens","","APAC ANZ","APAC ANZ - IND NZ WEALTH","Holdback","Monthly - Billing","4-286586","AUD","4193600.00","6/25/2026","06 - Project Booked","AUD","1821719.00","AUD","2371881.00","AUD","1809047.00","3700927590","0","Vincent Di Bella"
"PFD - B2B/OMS - T&M - CSG-Project","Yogesh Solanki","Aslam Abdul Salam","","APAC ANZ","APAC ANZ -  IND NZ WEALTH","Holdback","Monthly - Billing","7474804","AUD","2631000.00","12/23/2025","06 - Project Booked","AUD","1878776.00","AUD","752224.00","AUD","1891560.00",".","0","Vincent Di Bella"
"WSV - WO28 - CSMI Extension-Project","Marcus Costa","Stephen Santos","","APAC ANZ","APAC ANZ - Pub Sec","Framework","Monthly - Billing","4-793233","AUD","4853800.00","12/18/2025","06 - Project Booked","AUD","1546915.50","AUD","13529.50","AUD","1546915.50","VWA4025727","0","Veronica Roehrig(NK)"
"WSV - WO20 - CO - CSMI Extension-Project","Stephen Santos","Archana Nandineni","","APAC ANZ","APAC ANZ - Pub Sec","Framework","Monthly - Billing","4-793233","AUD","1284928.00","10/21/2025","06 - Project Booked","AUD","1084433.00","AUD","200495.00","AUD","1095233.00","TBD","0","Veronica Roehrig(NK)"
"WSV WO025 (HSBU Delivery and Architectural Governance)","Marcus Costa","Stephen Santos","","APAC ANZ","APAC ANZ - Pub Sec","Framework","Monthly - Billing","4-793233","AUD","252720.00","7/10/2025","06 - Project Booked","AUD","252706.50","AUD","13.50","AUD","252706.50","VWA4023633.","0","Veronica Roehrig(NK)"
"WSV WO024 (HSBU CRM Continuous Improvement Project)","Marcus Costa","Stephen Santos","","APAC ANZ","APAC ANZ - Pub Sec","Framework","Monthly - Billing","4-793233","AUD","1293300.00","6/25/2025","06 - Project Booked","AUD","1267308.80","AUD","25991.20","AUD","1313916.80","VWA4022918","0","Veronica Roehrig(NK)"
"WSV WO023 (HSBU CRM Licensing Project)","Stephen Santos","Archana Nandineni","","APAC ANZ","APAC ANZ - Pub Sec","Framework","Monthly - Billing","4-793233","AUD","850500.00","6/25/2025","06 - Project Booked","AUD","844344.00","AUD","6156.00","AUD","884196.00","VWA4022923","0","Veronica Roehrig(NK)"
"DE VIC_ School Savings Bonus Phase 1 (MSOW 010 WO 04)-Project","Syeda Wajeeda Ahmed -","Izzah Ahmad Khan","","APAC ANZ","APAC ANZ - Pub Sec","Framework","Monthly - Billing","9440570","AUD","0.00","9/24/2024","06 - Project Booked","AUD","1465706.00","AUD","44.00","AUD","1465706.00","95873, SOW 010-2024 WO 004","1","Nicola Adam"
"DE VIC_SELA_Use Case Development_MSOW 010-Project","Neelam Ratawa","Drew Grieve","Nicola Adam","APAC ANZ","APAC ANZ - Pub Sec","Framework","Monthly - Billing","9440570","AUD","8926240.00","6/28/2024","06 - Project Booked","AUD","0.00","AUD","77.00","AUD","0.00",".","1","Nicola Adam"
"DE VIC_ Attendance Referral Mgt_(SOW 010 WO 03)-Project","Syeda Wajeeda Ahmed -","Izzah Ahmad Khan","","APAC ANZ","APAC ANZ - Pub Sec","Framework","Monthly - Billing","9440570","AUD","0.00","6/28/2024","06 - Project Booked","AUD","317490.00","AUD","30.00","AUD","317520.00","No PO, SOW 010 WO003","0","Nicola Adam"
"DE Vic_SELA_Partial Pre-Book before June '24_5M (SOW 010 WO 01)-Project","Syeda Wajeeda Ahmed -","Izzah Ahmad Khan","","APAC ANZ","APAC ANZ - Pub Sec","Framework","Monthly - Billing","9440570","AUD","0.00","6/28/2024","06 - Project Booked","AUD","6099097.00","AUD","203.00","AUD","6099300.00",".","0","Nicola Adam"
"DE Vic_MC-SSB_WO 01_SOW 011 Project","Syeda Wajeeda Ahmed -","Tasa Markovski","Nicola Adam","APAC ANZ","APAC ANZ - Pub Sec","Framework","Monthly - Billing","9440570","AUD","0.00","7/4/2024","06 - Project Booked","AUD","41405.00","AUD","195.00","AUD","41405.00","98632","0","Nicola Adam"
"DE VIC_SELA_CoE & Remediation_MSOW 011-Project","Syeda Wajeeda Ahmed -","Drew Grieve","Nicola Adam","APAC ANZ","APAC ANZ - Pub Sec","Framework","Monthly - Billing","9440570","AUD","8975680.00","7/3/2024","06 - Project Booked","AUD","0.00","AUD","80871.00","AUD","0.00",".","1","Nicola Adam"
"DE VIC_School Concessions Voucher Taskforce_(SOW 010 WO 02)-Project","Syeda Wajeeda Ahmed -","Drew Grieve","","APAC ANZ","APAC ANZ - Pub Sec","Framework","Monthly - Billing","9440570","AUD","0.00","6/28/2024","06 - Project Booked","AUD","452988.00","AUD","242.00","AUD","453230.00","No PO, SOW 010 WO002","1","Nicola Adam"
"Manulife - GHNW Bermuda New Business Case Management [CO 16]-Project","Todd Pappas","Zibin Wang","","[INACTIVE - FY25] AMER Fins Banking & Cap Markets","AMER REG - FINS - Banking - Canada Banking","Holdback","Monthly - Billing","4-565284","USD","0.00","9/26/2023","06 - Project Booked","USD","595042.50","USD","77.50","USD","630657.46",".","0","Sarah Corkery"
"AAA WCNY CRM Deployment-Project","Divij Dabbas","Tunazzina Abedin","","[INACTIVE - FY25] AMER Fins Insurance & Wealth","AMER REG - FINS - Ins & WAM - Commercial","Holdback","Monthly - Billing","8591952","USD","1970350.00","5/10/2023","06 - Project Booked","USD","1972438.75","USD","2911.25","USD","1993098.12",".","0","Anthony Pelletiere"
"BSC - Care Management Phase 1 - CO-Project","Hemamalini Putta Dwaraganath","Jarvis Camp","","[INACTIVE - FY24] AMER Payer Provider","AMER REG - HLS - Strat","Holdback","Monthly - Billing","4-250584","USD","1249320.00","11/3/2022","06 - Project Booked","USD","1249140.00","USD","180.00","USD","1314938.90","2200547","0","David Denton"
"Sunrun Inc - Phase 1 Next Gen CRM - CSG-Project","Vikas Gupta","Mukesh Khali","","[INACTIVE - FY25] AMER Mfg & Utility & Auto","AMER MCR - MAE - 2","Holdback","Monthly - Billing","4-252391","USD","1537528.40","4/4/2023","06 - Project Booked","USD","2287194.96","USD","13.44","USD","2364522.74","112416","0","Darryl Sheepwash"
"GEA - Bodewell - Platform Foundation Team 9mos + Service Team 6mos-Project","Prasanna Venkatesan","Matt Dodyk","","[INACTIVE - FY25] AMER Mfg & Utility & Auto","AMER MCR - MAE - 1","Holdback","Monthly - Billing","4-711516","USD","2595890.00","9/20/2022","06 - Project Booked","USD","2138713.45","USD","457176.55","USD","2292860.28","45227975","0","Yale Rieck"
"Duke IR Request Processes-Project","Peter Schmidt","Deepak Jain","","[INACTIVE - FY25] AMER Mfg & Utility & Auto","AMER MCR - MAE - 2","Holdback","Monthly - Billing","4-253485","USD","3610858.40","2/15/2023","06 - Project Booked","USD","842436.15","USD","2768422.25","USD","849267.39","10663504","0","Mark Howe"
"Cushman - SOW - Blended C360/UIUX project team for 2023-Project","Amar Sidhu","Vik Sopori","","[INACTIVE - FY25] AMER Business Services","AMER MCR - CBS - Consumer Services","Holdback","Monthly - Billing","0-101536","USD","1957540.00","1/31/2023","06 - Project Booked","USD","1153604.50","USD","803935.50","USD","1238205.00","PO-2023-02-000002107","0","Michael Rowand"
"HomeServe - Core - Two Week Extension SOW-Project","Barbie Hunley","Sushal Shetty","","[INACTIVE - FY25] AMER Travel & Transportation & Hospitality & General","AMER MCR - TTH & C - Gen","Holdback","Monthly - Billing","8076464","USD","107312.00","2/20/2023","06 - Project Booked","USD","87965.00","USD","19347.00","USD","87965.00","601407799","0","Chad Johnson"
"HomeServe PLC - USA - North America - Click to SFS migration - CSG-Project","Praveen Ramesh","Glenn Ashworth","","[INACTIVE - FY25] AMER Travel & Transportation & Hospitality & General","AMER MCR - TTH & C - Gen","Holdback","Monthly - Billing","8076464","USD","992300.88","10/28/2022","06 - Project Booked","USD","869549.72","USD","122751.16","USD","1057331.89",".","0","Lynn Tran"
"Docebo - Change Order 2 SOW 4 CPQ and Billing project-Project","Narendra Sethia","Behdad Jabbari","","[INACTIVE - FY25] AMER Travel & Transportation & Hospitality & General","AMER MCR - TTH & C - Canada","Holdback","Monthly - Billing","4-738749","CAD","999570.00","9/6/2022","06 - Project Booked","CAD","992300.00","CAD","7270.00","CAD","1290646.71","2935","0","Behdad Jabbari"
"Groupe Deschenes Inc  CO 05-Project","Matt Ankerbrandt","Colin Hart","","[INACTIVE - FY25] AMER Travel & Transportation & Hospitality & General","AMER MCR - TTH & C - Canada","Holdback","Monthly - Billing","7012407","CAD","878475.60","8/30/2022","06 - Project Booked","CAD","868642.19","CAD","18293.81","CAD","871253.62",".","0","Sylvie Robert"
"Homeserve - Service Cloud CO2 - CSG-Project","Barbie Hunley","Sushal Shetty","","[INACTIVE - FY25] AMER Travel & Transportation & Hospitality & General","AMER MCR - TTH & C - Gen","Holdback","Monthly - Billing","4-602961","USD","267510.00","11/14/2022","06 - Project Booked","USD","267467.85","USD","42.15","USD","272871.78","601407711","0","Lynn Tran"
"Homeserve USA -Follow on Phase:  SOW001 MC & Service Implementation (1 o-Project","Barbie Hunley","Sushal Shetty","Laura Davis","[INACTIVE - FY25] AMER Travel & Transportation & Hospitality & General","AMER MCR - TTH & C - Gen","Holdback","Monthly - Billing","4-602961","USD","950104.00","4/6/2022","06 - Project Booked","USD","1506885.15","USD","18.85","USD","1507871.97","601407146","0","Laura Davis(WS)"
"SSC - Hardware - Capacity -Advisory Contract 2 (Funded)","Madison Major","Paul Cescon","","AMER Fed Civ","AMER Pub Sec - FedCiv - Canada","PubSec OF/SOW","Monthly - Billing","8031558","CAD","312480.00","7/28/2026","06 - Project Booked","CAD","74847.00","CAD","237633.00","CAD","74847.00",".","0","Jodi Moskal"
"Fed 1 - ISED - Data Cloud Implementation Phase 2  FY25 - CSG-Project","Karthi Bala","Paul Cescon","","AMER Fed Civ","AMER Pub Sec - FedCiv - Canada","PubSec OF/SOW","Monthly - Billing","4-794283","CAD","199980.00","1/29/2025","06 - Project Booked","CAD","175437.00","CAD","24543.00","CAD","175437.00","25012057","0","Tara Guastella"
"SaskTel - CCE Re -Implementation Advisory - FY26 - CSG-Project","Tara Guastella","Paul Cescon","","AMER Fed Civ","AMER Pub Sec - FedCiv - Canada","PubSec OF/SOW","Monthly - Billing","110069834","CAD","749900.00","2/21/2025","06 - Project Booked","CAD","739742.50","CAD","9901.50","CAD","741423.83",".","0","Tara Guastella"
"*SFDO* - College Board - TAM Phase 0 + MVP Build - CO #HoldoutEligible-Project","Sarah Hawkins","Andrew Luther","","[INACTIVE - FY25] AMER Non-Federal","AMER Pub Sec - Non Fed - NonProfit","Holdback","Monthly - Billing","4-535548","USD","251680.55","2/17/2023","06 - Project Booked","USD","107791.50","USD","143889.05","USD","107791.50","PO-0000197","0","Jodi Moskal"
"*SFDO* - College Board - TAM Phase 0 + MVP Build-Project","Sarah Hawkins","Andrew Luther","","[INACTIVE - FY25] AMER Non-Federal","","Holdback","Monthly - Billing","4-535548","USD","898404.20","10/31/2022","06 - Project Booked","USD","891071.52","USD","7332.68","USD","898962.35","PO8511","0","Jill Waddell"
"Manulife -TCRM Analytics CO - CSG-Project","Laylah Hamiani","Dallas Geheb","","[INACTIVE - FY25] AMER FINS","AMER REG - ENT BANKING & CAN - Canada","Framework","Monthly - Billing","4-565284","USD","41600.00","8/31/2022","06 - Project Booked","USD","40810.00","USD","790.00","USD","40810.00",".","0","Jessica Nogueira(RK)"
"MS - Mutuaide Strategie deploiement pilote CSG-Project","Jerome Samy","Steven Mar","","EMEA France","EMEA France - FINS","Invoice with Subtotal(s)","Monthly - Billing","8031729","EUR","80560.00","6/27/2025","06 - Project Booked","EUR","80531.50","EUR","28.50","EUR","80531.50",".","0","Raphael Soufir"
"MS - Mutuaide - Extension Lot 2-Project","Jerome Samy","Liza Trzesniower","","EMEA France","EMEA France - FINS","Invoice with Subtotal(s)","Monthly - Billing","8031729","EUR","645772.00","3/3/2025","06 - Project Booked","EUR","645629.50","EUR","142.50","EUR","645629.50",".","0","Raphael Soufir"
"MS - Adecco - MuleSoft Advisory Services-Project","Hadi Fedrine","Jerome Samy","","EMEA France","EMEA France - ETP","Holdback","Monthly - Billing","4-496798","EUR","1180400.00","11/6/2024","06 - Project Booked","EUR","528900.00","EUR","651500.00","EUR","534916.97","1104PO000001304","0","Raphael Soufir"
"Danone - Commercial Harmonisation program - DA - CSG-Project","Karine Kopainski","Eric Ngabo","Paul Egret","EMEA France","EMEA France - RCG","Invoice with Subtotal(s)","Monthly - Billing","4-810141","EUR","900000.00","1/30/2024","06 - Project Booked","EUR","496287.50","EUR","4112.50","EUR","517586.45","4111188014","0","Paul Egret"
"Danone - Design Authority - Child opportunity - CSG-Project","Karine Kopainski","Eric Ngabo","Paul Egret","EMEA France","EMEA France - RCG","Invoice with Subtotal(s)","Monthly - Billing","4-774923","EUR","0.00","7/30/2024","06 - Project Booked","EUR","89050.00","EUR","950.00","EUR","89050.00","4111188014","0","Paul Egret"
"SMCP MuleSoft Engagement HQ 2026 - CP Build Dev 1-Project","Arnauld Moreau","Jerome Samy","","EMEA France","EMEA France - RCG-HLS","Separate Invoices","Monthly - Billing","4-738023","EUR","0.00","12/31/2025","06 - Project Booked","EUR","78624.00","EUR","197856.00","EUR","78624.00","PO25G005400949","0","Arnauld Moreau"
"SMCP MuleSoft Engagement HQ 2026 - CP Build Dev 2-Project","Arnauld Moreau","Jerome Samy","","EMEA France","EMEA France - RCG-HLS","Separate Invoices","Monthly - Billing","4-738023","EUR","0.00","12/30/2025","06 - Project Booked","EUR","81792.00","EUR","194688.00","EUR","81792.00","PO25G005400949","0","Arnauld Moreau"
"SMCP MuleSoft Engagement HQ Deployment Fr - CP 9","Arnauld Moreau","Jerome Samy","Arnauld Moreau","EMEA France","EMEA France - RCG-HLS","Separate Invoices","Monthly - Billing","4-738023","EUR","0.00","7/5/2024","06 - Project Booked","EUR","196704.00","EUR","44064.00","EUR","196704.00","PO24G005400460","0","Arnauld Moreau"
"SMCP MuleSoft Engagement HQ Deployment Fr - CP 7","Arnauld Moreau","Jerome Samy","Arnauld Moreau","EMEA France","EMEA France - RCG-HLS","Separate Invoices","Monthly - Billing","4-738023","EUR","0.00","7/5/2024","06 - Project Booked","EUR","30240.00","EUR","210528.00","EUR","30240.00","PO24G005400460","1","Arnauld Moreau"
"SMCP MuleSoft Engagement HQ Deployment Fr - CP 6","Arnauld Moreau","Jerome Samy","Arnauld Moreau","EMEA France","EMEA France - RCG","Separate Invoices","Monthly - Billing","4-738023","EUR","0.00","4/11/2024","06 - Project Booked","EUR","30528.00","EUR","15552.00","EUR","30528.00","PO24G005400460","0","Arnauld Moreau"
"SMCP MuleSoft Engagement HQ Deployment Fr - CP 8","Arnauld Moreau","Jerome Samy","Arnauld Moreau","EMEA France","EMEA France - RCG-HLS","Separate Invoices","Monthly - Billing","4-738023","EUR","0.00","7/5/2024","06 - Project Booked","EUR","180360.00","EUR","60408.00","EUR","180360.00","PO24G005400460","0","Arnauld Moreau"
"Bouygues Telecom - ChildOptCOE2025 - Colibri Team 2025-Project","Mehdi El Filali","Tariq Abou El Hassan","","EMEA France","EMEA France - ETP","Invoice with Subtotal(s)","Monthly - Billing","4-618240","EUR","0.00","12/20/2024","06 - Project Booked","EUR","939400.00","EUR","83448.00","EUR","939400.00","4502625100","0","Arnaud Bouchez"
"Bouygues Telecom - ChildOptCOE2025 - MOE ARC2025-Project","Mehdi El Filali","Tariq Abou El Hassan","","EMEA France","EMEA France - ETP","Invoice with Subtotal(s)","Monthly - Billing","4-618240","EUR","0.00","12/19/2024","06 - Project Booked","EUR","312608.00","EUR","22480.00","EUR","312608.00","4502625042","0","Arnaud Bouchez"
"Bouygues Telecom - ChildOptCOE2025 - MOA Tabarly 2025-Project","Mehdi El Filali","Tariq Abou El Hassan","Arnaud Bouchez","EMEA France","EMEA France - ETP","Invoice with Subtotal(s)","Monthly - Billing","4-618240","EUR","0.00","12/17/2024","06 - Project Booked","EUR","152640.00","EUR","233280.00","EUR","152640.00","4502623585","0","Arnaud Bouchez"
"Bouygues Telecom - ChildOptCOE2025 - MOA ARC 2025-Project","Mehdi El Filali","Tariq Abou El Hassan","Arnaud Bouchez","EMEA France","EMEA France - ETP","Invoice with Subtotal(s)","Monthly - Billing","4-618240","EUR","0.00","12/13/2024","06 - Project Booked","EUR","309120.00","EUR","97920.00","EUR","309120.00","4502622346","0","Arnaud Bouchez"
"Bouygues Telecom - COE 2025 - TOTAL-Project","Mehdi El Filali","Tariq Abou El Hassan","Arnaud Bouchez","EMEA France","EMEA France - ETP","Invoice with Subtotal(s)","Monthly - Billing","4-618240","EUR","7028192.00","10/18/2024","06 - Project Booked","EUR","115200.00","EUR","1800568.00","EUR","115200.00","4502601986","0","Arnaud Bouchez"
"Bouygues Telecom - ChildCoE Opt - Colibri Perf and RM-Project","Emmanuel Baur","Tariq Abou El Hassan","","EMEA France","EMEA France - ACC CMT","Separate Invoices","Monthly - Billing","4-618240","EUR","0.00","8/28/2024","06 - Project Booked","EUR","17280.00","EUR","40720.00","EUR","17280.00","4502583202","0","Arnaud Bouchez"
"Bouygues Telecom - Ambition COE PULL FWF OCt-Project","Mehdi El Filali","Tariq Abou El Hassan","","EMEA France","EMEA France - ETP","Invoice with Subtotal(s)","Monthly - Billing","4-618240","EUR","6261472.00","10/30/2023","06 - Project Booked","EUR","584760.00","EUR","2417376.00","EUR","584760.00","4502517144","0","Arnaud Bouchez"
"Bouygues Telecom - ChildCoE Opt - ARC H2 Team-Project","Emmanuel Baur","Tariq Abou El Hassan","","EMEA France","EMEA France - ACC CMT","Invoice with Subtotal(s)","Monthly - Billing","4-618240","EUR","0.00","8/1/2024","06 - Project Booked","EUR","207888.00","EUR","132000.00","EUR","207888.00","4502572564","0","Arnaud Bouchez"
"Criteo Technology SAS - SOW001 CO003 Project Extension - CSG-Project","Isabelle Passani","Emmanuel Baur","","EMEA France","EMEA France - ETP","Holdback","Monthly - Billing","4-616376","EUR","3018251.04","6/11/2025","06 - Project Booked","EUR","871615.86","EUR","2188747.18","EUR","872992.14",".","0","Tanguy De La Peschardiere"
"Criteo Technology SAS - SOW002 Media Cloud & CRMA Detailed Design + Rele-Project","Isabelle Passani","Emmanuel Baur","Hugo Ferreira","EMEA France","EMEA France - ETP","Holdback","Monthly - Billing","4-616376","EUR","3607419.20","1/31/2024","06 - Project Booked","EUR","4286652.64","EUR","10726.56","EUR","4411993.37","4500392822","0","Hugo Ferreira"
"Mutuaide Strategie deploiement pilote CSG-Project","Liza Trzesniower","Carlos Nunes","","EMEA France","EMEA France - FINS","Invoice with Subtotal(s)","Monthly - Billing","8031729","EUR","289560.00","6/27/2025","06 - Project Booked","EUR","289476.40","EUR","83.60","EUR","289476.40",".","0","Guillaume Baraton"
"Mutuaide DDS Lot 2 Gestion du catalogue alignement CSG-Project","Liza Trzesniower","Carlos Nunes","","EMEA France","EMEA France - FINS","Invoice with Subtotal(s)","Monthly - Billing","8031729","EUR","0.00","3/3/2025","06 - Project Booked","EUR","167884.00","EUR","76.00","EUR","167884.00",".","0","Guillaume Baraton"
"Mutuaide DDS Lot2 Auto alignement CSG-Project","Liza Trzesniower","Carlos Nunes","","EMEA France","EMEA France - FINS","Invoice with Subtotal(s)","Monthly - Billing","8031729","EUR","1640156.00","3/3/2025","06 - Project Booked","EUR","1466648.00","EUR","5548.00","EUR","1468112.75",".","0","Guillaume Baraton"
"Adecco IT services Innovation delivery by SF PS - datacloud,  _AI_ CSG-Project","Emmanuel Baur","Tariq Abou El Hassan","","EMEA France","EMEA France - ETP","Holdback","Monthly - Billing","9752650","EUR","2119520.00","10/18/2024","06 - Project Booked","EUR","1644266.00","EUR","475254.00","EUR","1659659.27","PO1104PO000001251","0","Guillaume Baraton"
"Bouygues Telecom - ChildOpt2026 - BTE- Kamal - CSG-Project","Mehdi El Filali","Tariq Abou El Hassan","","EMEA France","EMEA France - ACC","Invoice with Subtotal(s)","Monthly - Billing","4-618240","EUR","0.00","7/22/2026","06 - Project Booked","EUR","19200.00","EUR","63360.00","EUR","19200.00","4502813283","0","Vincent EHRSAM"
"Bouygues Telecom - ChildOpt2026 - Extension H2 ARC - CSG-Project","Mehdi El Filali","Tariq Abou El Hassan","","EMEA France","EMEA France - ACC","Invoice with Subtotal(s)","Monthly - Billing","4-618240","EUR","0.00","6/16/2026","06 - Project Booked","EUR","38800.00","EUR","121520.00","EUR","38800.00","4502801699","0","Vincent EHRSAM"
"Bouygues Telecom - ChildOpt2026 - Tabarly - renfort 2 sdev -Project","Mehdi El Filali","Tariq Abou El Hassan","","EMEA France","EMEA France - ACC","Invoice with Subtotal(s)","Monthly - Billing","4-618240","EUR","0.00","6/8/2026","06 - Project Booked","EUR","60544.00","EUR","150656.00","EUR","58432.00",".4502798439","0","Vincent EHRSAM"
"Bouygues Telecom - ChildOpt2026 - Security Assessment-Project","Mehdi El Filali","Tariq Abou El Hassan","","EMEA France","EMEA France - ACC","Invoice with Subtotal(s)","Monthly - Billing","4-618240","EUR","0.00","5/18/2026","06 - Project Booked","EUR","28092.00","EUR","628.00","EUR","28092.00","4502790740","0","Vincent EHRSAM"
"Bouygues Telecom - ChildOpt2026 - GP ARC AI and IRIS - CSG-Project","Mehdi El Filali","Tariq Abou El Hassan","","EMEA France","EMEA France - ACC","Invoice with Subtotal(s)","Monthly - Billing","4-618240","EUR","0.00","3/30/2026","06 - Project Booked","EUR","193216.00","EUR","16704.00","EUR","193216.00","4502774489","0","Vincent EHRSAM"
"Bouygues Telecom - ChildOpt2026 - Build Tilkee - CSG-Project","Mehdi El Filali","Tariq Abou El Hassan","","EMEA France","EMEA France - ETP","Invoice with Subtotal(s)","Monthly - Billing","4-618240","EUR","0.00","2/11/2026","06 - Project Booked","EUR","7243.96","EUR","8276.04","EUR","7243.96","4502759729","0","Vincent EHRSAM"
"Bouygues Telecom - ChildOpt2026 - Data Cloud Project - CSG-Project","M'henni Koroghli","Mehdi El Filali","","EMEA France","EMEA France - ETP","Invoice with Subtotal(s)","Monthly - Billing","4-618240","EUR","0.00","1/31/2026","06 - Project Booked","EUR","211200.00","EUR","192000.00","EUR","211200.00","4502756974","0","Vincent EHRSAM"
"Bouygues Telecom - ChildOpt2026 - GP- TABARLY - CSG-Project","Mehdi El Filali","Tariq Abou El Hassan","","EMEA France","EMEA France - ETP","Invoice with Subtotal(s)","Monthly - Billing","4-618240","EUR","0.00","12/23/2025","06 - Project Booked","EUR","282752.00","EUR","244768.00","EUR","282752.00","4502745958","0","Vincent EHRSAM"
"Bouygues Telecom - ChildOpt2026 - GP- ARC - CSG-Project","Mehdi El Filali","Tariq Abou El Hassan","","EMEA France","EMEA France - ETP","Invoice with Subtotal(s)","Monthly - Billing","4-618240","EUR","0.00","12/23/2025","06 - Project Booked","EUR","423360.00","EUR","42960.00","EUR","423360.00","4502745957","0","Vincent EHRSAM"
"Bouygues Telecom - ChildOpt2026 - Colibri CoE - CSG-Project","Ayoub Taha","Mehdi El Filali","","EMEA France","EMEA France - ETP","Invoice with Subtotal(s)","Monthly - Billing","4-618240","EUR","0.00","12/16/2025","06 - Project Booked","EUR","505976.00","EUR","349384.00","EUR","503864.00","4502741868","0","Vincent EHRSAM"
"Bouygues Telecom - ChildOpt2026 - Be360 - BTA - Martin G- CSG-Project","Martin Griffiths","Mehdi El Filali","","EMEA France","EMEA France - ETP","Invoice with Subtotal(s)","Monthly - Billing","4-618240","EUR","0.00","12/9/2025","06 - Project Booked","EUR","132720.00","EUR","270480.00","EUR","127920.00","4502739935","0","Vincent EHRSAM"
"Bouygues Telecom - Parent - Project 2026","Mehdi El Filali","Tariq Abou El Hassan","","EMEA France","EMEA France - ETP","Invoice with Subtotal(s)","Monthly - Billing","4-618240","EUR","6993904.00","10/31/2025","06 - Project Booked","EUR","0.00","EUR","3384592.00","EUR","0.00","4502994812","1","Vincent EHRSAM"
"Bouygues Telecom - ChildOptCOE2025 - AI Team Extension Dec- CSG-Project","Mehdi El Filali","Tariq Abou El Hassan","","EMEA France","EMEA France - ETP","Invoice with Subtotal(s)","Monthly - Billing","4-618240","EUR","0.00","9/30/2025","06 - Project Booked","EUR","115488.00","EUR","28832.00","EUR","115488.00","4502715553","0","Vincent EHRSAM"
"Bouygues Telecom - ChildOptCOE2025 - Fouad Extension- CSG-Project","Mehdi El Filali","Tariq Abou El Hassan","","EMEA France","EMEA France - ETP","Invoice with Subtotal(s)","Monthly - Billing","4-618240","EUR","0.00","9/15/2025","06 - Project Booked","EUR","41128.00","EUR","36472.00","EUR","41128.00","4502707871","0","Vincent EHRSAM"
"Bouygues Telecom - ChildOptCOE2025 - Extension S2 2025 TABARLY - CSG-Project","Mehdi El Filali","Tariq Abou El Hassan","","EMEA France","EMEA France - ETP","Invoice with Subtotal(s)","Monthly - Billing","4-618240","EUR","0.00","6/30/2025","06 - Project Booked","EUR","213648.00","EUR","30352.00","EUR","213648.00","4502686995","0","Vincent EHRSAM"
"Bouygues Telecom - ChildOptCOE2025 - Extension S2 2025 ARC - CSG-Project","Mehdi El Filali","Tariq Abou El Hassan","","EMEA France","EMEA France - ETP","Invoice with Subtotal(s)","Monthly - Billing","4-618240","EUR","0.00","6/30/2025","06 - Project Booked","EUR","193224.00","EUR","48888.00","EUR","193224.00","4502686996","0","Vincent EHRSAM"
"The Adecco Group AKKODIS deployment after Phase 0 CSG-Project","Philippe Commets","Emmanuel Baur","","EMEA France","EMEA France - ACC SRC","Holdback","Monthly - Billing","4-496798","EUR","6014920.00","10/5/2022","06 - Project Booked","EUR","5945964.40","EUR","68955.60","EUR","5976671.82","TBD","1","Guillaume Baraton"
"Nissan AMIEO Phase 1a CSG Product & Pricing + Transfo Office-Project","Alexandre Tissier","Carlos Nunes","Stéphane Bauer","EMEA France","EMEA France - MAE","Holdback","Monthly - Billing","4-470303","EUR","1798272.00","10/16/2023","06 - Project Booked","EUR","2248832.00","EUR","640.00","EUR","2250194.29","PP00685210","0","Stéphane Bauer"
"SMCP MuleSoft Engagement HQ 2026-Project","Arnauld Moreau","Jerome Samy","","EMEA France","EMEA France - RCG-HLS","Separate Invoices","Monthly - Billing","4-738023","EUR","1769920.00","12/2/2025","06 - Project Booked","EUR","255864.00","EUR","961096.00","EUR","255864.00","PO25G005400949","0","Laurent Kochanski"
"SMCP MuleSoft Engagement HQ Deployment Fr-Project","Arnauld Moreau","Jerome Samy","","EMEA France","EMEA France - RCG","Separate Invoices","Monthly - Billing","4-738023","EUR","1001088.00","4/28/2023","06 - Project Booked","EUR","626255.20","EUR","0.80","EUR","626255.20","PO24G005400458","0","Laurent Kochanski"
"SMCP MuleSoft Engagement HQ 2024-Project","Arnauld Moreau","Jerome Samy","Laurent Kochanski","EMEA France","EMEA France - RCG-HLS","Separate Invoices","Monthly - Billing","4-738023","EUR","2907740.00","1/30/2024","06 - Project Booked","EUR","616828.00","EUR","1568608.00","EUR","616828.00","PO25G005400063","0","Laurent Kochanski"
"Nissan AMIEO - PS Lot 2 (Phase 1b P&P / Customer Service)-Project","Alexandre Tissier","Carlos Nunes","","EMEA France","EMEA France - MFG","Holdback","Monthly - Billing","4-470303","EUR","4963612.00","7/23/2024","06 - Project Booked","EUR","3242331.75","EUR","3666940.25","EUR","3244685.67","PP20041819","0","Stéphane Bauer"
"MS - LLB - Support Capacity - CO007 Child 1 - CRM -Project","Evrim Bakir","Steven Mar","","EMEA Central","EMEA Central - Switzerland","Separate Invoices","Monthly - Billing","9354043","EUR","0.00","7/14/2025","06 - Project Booked","EUR","166480.00","EUR","36360.00","EUR","166826.13","CRM","0","Fabio Aulico"
"MS - LLB - Support Capacity - CO007 Child 3 -wiLLBe - Project","Evrim Bakir","Steven Mar","","EMEA Central","EMEA Central - Switzerland","Separate Invoices","Monthly - Billing","9354043","EUR","0.00","7/10/2025","06 - Project Booked","EUR","9405.00","EUR","31680.00","EUR","9405.00","wiLLBe","0","Fabio Aulico"
"Infineon Tech. Umbrella 2025 - WO#2 Datacloud Implementation CSG-Project","Ismaël Toumi","Stefan Abdat","","EMEA Central","EMEA Central - Germany - V2 - HLS","Umbrella","Monthly - Billing","6941285","EUR","527240.00","1/31/2025","06 - Project Booked","EUR","527230.00","EUR","10.00","EUR","528798.42","4520320905","0","Yannick Lehmann"
"Rational AG - Agentforce PoC - CSG-Project","Denis Nabeth","Stefan Abdat","","EMEA Central","EMEA Central - Germany - V1 - MAE","Separate Invoices","Monthly - Billing","4-704181","EUR","34922.00","11/24/2025","06 - Project Booked","EUR","22248.00","EUR","12674.00","EUR","27838.00","450515347","0","Elaha Mushfiq"
"BASF SE - AP Phase 1 Farm2Cloud CO Process Support - FY26 - CSG-Project","Elisa Kerschbaumer","Eilin Schröder","","EMEA Central","EMEA Central - Germany - V1 - MAE","Holdback","Monthly - Billing","4-824049","EUR","192000.00","7/14/2025","06 - Project Booked","EUR","190600.00","EUR","1400.00","EUR","190600.00","1086945633","0","Rafal Krystowski"
"BASF AP - Farm2Cloud - User Journeys - FY25 - CSG-Project","Elisa Kerschbaumer","Stefan Abdat","","EMEA Central","EMEA Central - Germany - V1 - MAE","Holdback","Monthly - Billing","4-824049","EUR","84800.00","4/24/2025","06 - Project Booked","EUR","84474.50","EUR","325.50","EUR","84532.10","1086945633","0","Rafal Krystowski"
"BASF AP - Farm2Cloud - Phase 1 & Phase 2","Elisa Kerschbaumer","Stefan Abdat","","EMEA Central","EMEA Central - Germany - V1 - MAE","Holdback","Monthly - Billing","112888904","EUR","6102140.00","3/20/2025","06 - Project Booked","EUR","5382564.40","EUR","989975.60","EUR","5534173.44","1086945633","0","Rafal Krystowski"
"Mister Spex - B2C holdback - CSG-Project","David Zint","Thomas Völkl","","EMEA Central","EMEA Central - DEAT - V2","Holdback","Monthly - Billing","4-419325","EUR","2150631.49","4/30/2026","06 - Project Booked","EUR","1001334.91","EUR","1149296.58","EUR","1000546.25",".","0","Milica Miljanic"
"Sunrise - ES - Calendar 2025 Services Bucket-Project","Smita Sethi","Lars Kujath","","EMEA Central","EMEA Central - Switzerland","Holdback","Monthly - Billing","2-114586","USD","740014.00","3/19/2025","06 - Project Booked","USD","465637.18","USD","274376.82","USD","465637.18","5000048371","0","Amit Nahum"
"Infineon Tech. Umbrella 2025 - WO#1 Tableau Expert Services CSG-Project","Ismaël Toumi","Stefan Abdat","","EMEA Central","EMEA Central - Germany - V2 - HLS","Umbrella","Monthly - Billing","6941285","EUR","1122026.00","1/30/2025","06 - Project Booked","EUR","993270.60","EUR","128755.40","EUR","1003434.67","4520316583","0","Yannick Lehmann"
"Avolta - CO - Loyalty program extension-Project","Nadeen Khalid","Renee Queen","","EMEA Central","EMEA Central - Switzerland","Holdback","Monthly - Billing","6382066","EUR","423411.62","9/11/2025","06 - Project Booked","EUR","423354.44","EUR","57.18","EUR","423451.86","PRJ00107507 / CC 445","0","Lydie Lecrivain"
"Avolta - Global Loyalty Progam - Parent - (40% split with UKI) -CSG-Project","Nadeen Khalid","Renee Queen","Lydie Lecrivain","EMEA Central","EMEA Central - Switzerland","Holdback","Monthly - Billing","6382066","EUR","1284156.08","9/30/2024","06 - Project Booked","EUR","3210385.86","EUR","4.34","EUR","3226949.68","PRJ00101243 / 44521","0","Lydie Lecrivain"
"Siemens PLM Software - RCA DI Solutions - Oppty 3 - PO - SOLSYS-Project","Nadeen Khalid","Gunnar Ulle","","EMEA Central","EMEA Central - Germany - V1 - MAE","Invoice with Subtotal(s)","Monthly - Billing","111114105","EUR","0.00","1/27/2026","06 - Project Booked","EUR","1211840.00","EUR","4708220.00","EUR","1211395.42","7040/9709561551-SOSY","0","Kay Weber"
"Siemens PLM Software - RCA DI Solutions - PO - SERV-Project","Nadeen Khalid","Gunnar Ulle","","EMEA Central","EMEA Central - Germany - V1 - MAE","Invoice with Subtotal(s)","Monthly - Billing","111114105","EUR","0.00","1/23/2026","06 - Project Booked","EUR","375315.00","EUR","2331055.00","EUR","372195.65","7040/9709561551-SERV","0","Kay Weber"
"Siemens PLM Software - RCA DI Solutions - Implementation - Oppty 5-Project","Hinduja Goli","Gunnar Ulle","","EMEA Central","EMEA Central - Germany - V1 - MAE","Invoice with Subtotal(s)","Monthly - Billing","111114105","EUR","0.00","1/23/2026","06 - Project Booked","EUR","388195.00","EUR","1445105.00","EUR","392072.45","7040/9709561551-SPEC","0","Kay Weber"
"Siemens PLM Software - RCA DI Solutions - Implementation - 2 - PO - BX-Project","Nadeen Khalid","Gunnar Ulle","","EMEA Central","EMEA Central - Germany - V1 - MAE","Invoice with Subtotal(s)","Monthly - Billing","111114105","EUR","0.00","1/19/2026","06 - Project Booked","EUR","264150.00","EUR","1840055.00","EUR","272780.38","7040/9709561551-BX","0","Kay Weber"
"Siemens PLM Software - RCA DI Solutions - Implementation - CSG-Project","Nadeen Khalid","Gunnar Ulle","","EMEA Central","EMEA Central - Germany - V1 - MAE","Invoice with Subtotal(s)","Monthly - Billing","2-103107","EUR","7723820.00","12/8/2025","06 - Project Booked","EUR","634658.00","EUR","2249047.00","EUR","645126.71","7040/9709561551","0","Kay Weber"
"Telefonica - CTO - Extension - CSG - MM OPEX 2026-Project","Eilin Schröder","Thomas Völkl","","EMEA Central","EMEA Central - Germany - V2 - CM","Separate Invoices","Monthly - Billing","8446002","USD","0.00","3/17/2026","06 - Project Booked","USD","44999.68","USD","64942.72","USD","46825.00","4500249119","0","Ümit Cavus"
"Telefonica - CTO - Extension - CSG - MM CAPEX 2026-Project","Bartosz Lamparski","Stefan Abdat","","EMEA Central","EMEA Central - Germany - V2 - CM","Separate Invoices","Monthly - Billing","8446002","USD","539036.88","1/30/2026","06 - Project Booked","USD","190942.52","USD","238151.96","USD","190942.52","4500249119","0","Ümit Cavus"
"Telefónica Germany - PA - Ext - FY25 - Project 5:PO: 4500100212-BM-CAPEX-Project","Bartosz Lamparski","Stefan Abdat","","EMEA Central","EMEA Central - Germany - V2 - HLS","Invoice with Subtotal(s)","Monthly - Billing","8446002","USD","0.00","3/24/2025","06 - Project Booked","USD","344776.52","USD","19.48","USD","344796.00","4500100212","0","Ümit Cavus"
"Telefónica Germany - PA - Ext - FY25 - Proj 4 PO: 4500100212-BM-OPEX-Project","Bartosz Lamparski","Stefan Abdat","","EMEA Central","EMEA Central - Germany - V2 - HLS","Invoice with Subtotal(s)","Monthly - Billing","8446002","USD","0.00","3/19/2025","06 - Project Booked","USD","107231.00","USD","13.00","USD","107244.00","4500100212","0","Ümit Cavus"
"Telefónica Germany - PA - Ext - FY25 - Project 1:PO: 4500101317-MM-CAPEX-Project","Bartosz Lamparski","Thomas Völkl","","EMEA Central","EMEA Central - Germany - V2 - CM","Invoice with Subtotal(s)","Monthly - Billing","8446002","USD","0.00","3/11/2025","06 - Project Booked","USD","461344.32","USD","0.68","USD","461345.00","4500101317","0","Ümit Cavus"
"Telefónica Germany -Project 4: B2B CAPEX, PO Number 9405209621-Project","Bartosz Lamparski","Lars Kujath","","EMEA Central","EMEA Central - Germany - V2 - RCG","Separate Invoices","Monthly - Billing","8446002","USD","0.00","7/17/2024","06 - Project Booked","USD","312288.75","USD","8887.75","USD","312288.75","9405209621","0","Ümit Cavus"
"Telefónica Germany -Project 2: MM OPEX, PO Number 9405207426-Project","Bartosz Lamparski","Lars Kujath","","EMEA Central","EMEA Central - Germany - V2 - RCG","Separate Invoices","Monthly - Billing","8446002","USD","0.00","7/17/2024","06 - Project Booked","USD","205027.00","USD","9253.00","USD","206769.18","9405207426","0","Ümit Cavus"
"Telefónica Germany -Project 1: MM CAPEX, PO Number 9405205084-Project","Bartosz Lamparski","Lars Kujath","Ümit Cavus","EMEA Central","EMEA Central - Germany - V2 - RCG","Separate Invoices","Monthly - Billing","8446002","USD","1149320.00","1/31/2024","06 - Project Booked","USD","416872.00","USD","44804.00","USD","610454.50","9405205084","0","Ümit Cavus"
"dx.one - Child Oppty - Technical Foundation - Juni 2026-Project","Dauha Elamrani Abouelassad","Markus Bellmann","","EMEA Central","EMEA Central - DEAT - KEYACC","Invoice with Subtotal(s)","Monthly - Billing","8676468","EUR","0.00","6/22/2026","06 - Project Booked","EUR","268028.00","EUR","43944.12","EUR","240460.00","4560331131","0","Christopher Emmerich"
"dx.one - Child Oppty - Technical Foundation - March 2026-Project","Dauha Elamrani Abouelassad","Markus Bellmann","","EMEA Central","EMEA Central - DEAT - KEYACC","Invoice with Subtotal(s)","Monthly - Billing","8676468","EUR","0.00","4/3/2026","06 - Project Booked","EUR","223364.01","EUR","65.99","EUR","223364.01","4560328462","0","Christopher Emmerich"
"dx.one - Child Oppty - Technical Foundation Impl. PI 26.1- SOW - CSG-Project","Flavia Sumfleth","Markus Bellmann","","EMEA Central","EMEA Central - Germany - V1 - MAE","Invoice with Subtotal(s)","Monthly - Billing","8676468","EUR","0.00","12/22/2025","06 - Project Booked","EUR","385470.93","EUR","82171.07","EUR","385470.93","4560326423","0","Christopher Emmerich"
"dx.one - Child Oppty - Technical Foundation Impl. PI 25.4- SOW - CSG-Project","Flavia Sumfleth","Markus Bellmann","","EMEA Central","EMEA Central - Germany - V1 - MAE","Invoice with Subtotal(s)","Monthly - Billing","8676468","EUR","0.00","9/9/2025","06 - Project Booked","EUR","1201048.60","EUR","449.40","EUR","1201048.60","4560322543","0","Christopher Emmerich"
"dx.one - Child Oppty - Technical Foundation Impl. PI 25.3-  SOW - CSG-Project","Markus Bellmann","Flavia Sumfleth","","EMEA Central","EMEA Central - Germany - V1 - MAE","Invoice with Subtotal(s)","Monthly - Billing","8676468","EUR","0.00","6/9/2025","06 - Project Booked","EUR","1401989.00","EUR","185.00","EUR","1401989.00","4560319959","0","Christopher Emmerich"
"dx.one GmbH - Child Oppty - PI.25.3 - One.CRM Architects Engagement-Project","Flavia Sumfleth","Stefan Abdat","","EMEA Central","EMEA Central - Germany - V1 - MAE","Invoice with Subtotal(s)","Monthly - Billing","8676468","EUR","0.00","6/9/2025","06 - Project Booked","EUR","112236.00","EUR","17484.00","EUR","112236.00","4560320013","0","Christopher Emmerich"
"dx.one - Technical Foundation Impl. - SOW - CSG-Project","Anca Patru","Emmanuelle Lavenac","","EMEA Central","EMEA Central - Germany - V1 - MAE","Invoice with Subtotal(s)","Monthly - Billing","8676468","EUR","3239010.50","5/23/2025","06 - Project Booked","EUR","0.00","EUR","120545.88","EUR","0.00",".","1","Christopher Emmerich"
"dx.one GmbH - Child Oppty - S&M Markets - Team Apr-May-Project","Flavia Sumfleth","Stefan Abdat","","EMEA Central","EMEA Central - Germany - V1 - MAE","Invoice with Subtotal(s)","Monthly - Billing","8676468","EUR","0.00","4/7/2025","06 - Project Booked","EUR","275489.00","EUR","185822.50","EUR","279099.80","4560317118","0","Christopher Emmerich"
"dx.one GmbH - Child Oppty - After Sales GOC Mar-Dec - Project","Flavia Sumfleth","Markus Bellmann","","EMEA Central","EMEA Central - Germany - V1 - MAE","Invoice with Subtotal(s)","Monthly - Billing","8676468","EUR","0.00","4/9/2025","06 - Project Booked","EUR","119083.00","EUR","7.00","EUR","121153.46","4560318052","0","Christopher Emmerich"
"dx.one GmbH - Child Oppty - Technical Foundation Team Apr-May-Project","Flavia Sumfleth","Emmanuelle Lavenac","","EMEA Central","EMEA Central - Germany - V1 - ManAut","Invoice with Subtotal(s)","Monthly - Billing","8676468","EUR","0.00","3/17/2025","06 - Project Booked","EUR","589564.75","EUR","278143.75","EUR","589564.75","4560317118","0","Christopher Emmerich"
"dx.one GmbH - Child Oppty - Technical Foundation Team Feb-Mar-Project","Samia El Asri","Markus Bellmann","","EMEA Central","EMEA Central - Germany - V1 - MAE","Invoice with Subtotal(s)","Monthly - Billing","8676468","EUR","0.00","2/6/2025","06 - Project Booked","EUR","440954.25","EUR","5637.75","EUR","442888.66","4560316070","0","Christopher Emmerich"
"dx.one GmbH - Child Oppty - After Sales PoC / Palantir-Project","Andreas Kunze","Markus Bellmann","","EMEA Central","EMEA Central - Germany - V1 - MAE","Invoice with Subtotal(s)","Monthly - Billing","8676468","EUR","0.00","1/31/2025","06 - Project Booked","EUR","184228.00","EUR","52.00","EUR","224048.00","4560315865","0","Christopher Emmerich"
"dx.one GmbH - Child Oppty - One.CRM Architects Engagement Q1-Project","Samia El Asri","Stefan Abdat","","EMEA Central","EMEA Central - Germany - V1 - MAE","Invoice with Subtotal(s)","Monthly - Billing","8676468","EUR","0.00","1/23/2025","06 - Project Booked","EUR","227574.00","EUR","9538.00","EUR","229298.86","4560314404","0","Christopher Emmerich"
"dx.one GmbH - Child Oppty - Architects Technical Foundation Q1-Project","Samia El Asri","Stefan Abdat","","EMEA Central","EMEA Central - Germany - V1 - MAE","Invoice with Subtotal(s)","Monthly - Billing","8676468","EUR","0.00","1/23/2025","06 - Project Booked","EUR","236239.50","EUR","12520.50","EUR","237244.12","4560314597","0","Christopher Emmerich"
"dx.one GmbH - Child Oppty - PoC After Sales Q1-Project","Flavia Sumfleth","Eilin Schröder","","EMEA Central","EMEA Central - Germany - V1 - MAE","Invoice with Subtotal(s)","Monthly - Billing","8676468","EUR","0.00","1/23/2025","06 - Project Booked","EUR","29055.00","EUR","6705.00","EUR","29055.00","4560314597","0","Christopher Emmerich"
"Cariad - RFP EcoSystem Small& Med. Markets - 3 year deal - SOW24-01 - #p-Project","Flavia Sumfleth","Markus Bellmann","Christopher Emmerich","EMEA Central","EMEA Central - Germany - V1 - MAE","Invoice with Subtotal(s)","Monthly - Billing","8676468","EUR","8119908.00","9/27/2024","06 - Project Booked","EUR","0.00","EUR","5639758.00","EUR","1340.75","4600000284","1","Christopher Emmerich"
"dx.one GmbH - eshop.lite - Child After Sales- SOW - Project","Andreas Kunze","Stefan Abdat","","EMEA Central","EMEA Central - Germany - V1 - MAE","Invoice with Subtotal(s)","Monthly - Billing","8676468","EUR","0.00","4/8/2025","06 - Project Booked","EUR","85233.62","EUR","94266.38","EUR","85233.62","4560317688","0","Christopher Emmerich"
"WHO-SP-SPM Training - CO001-Project","Barbara Cohen","Igor Hrelja","","EMEA Central","EMEA Central - Switzerland","Umbrella","Monthly - Billing","4-268578","USD","95950.00","4/28/2023","06 - Project Booked","USD","0.00","USD","95950.00","USD","0.00","TBD","1","Antoine Gaborit"
"WHO-SP-SPM-CO004 R1-Project","Hemanta Baruah","Igor Hrelja","","EMEA Central","EMEA Central - Switzerland","Umbrella","Monthly - Billing","4-268578","USD","2420947.00","3/31/2023","06 - Project Booked","USD","0.00","USD","2420947.00","USD","0.00","tbd","1","Antoine Gaborit"
"WHO - SP - SPM CO003-Project","Hemanta Baruah","Monika Krupa","","EMEA Central","EMEA Central - Switzerland","Umbrella","Monthly - Billing","4-268578","USD","486789.00","10/28/2022","06 - Project Booked","USD","0.00","USD","486789.00","USD","0.00","202823109","0","Antoine Gaborit"
"Orkla CGS analysis phase-Project","Kamilia Oujit","Cathrine Christiansen","","EMEA North","","Holdback","Monthly - Billing","5781060","EUR","23920.00","10/5/2022","06 - Project Booked","EUR","18745.00","EUR","5175.00","EUR","18745.00",".","0","Cathrine Christiansen"
"Syngenta - ES - Rebate Management - Global rollout - Child invoice SEEDS-Project","Peter-Paul Lemmens","Ibrahim Abdoulaye Balla","","EMEA North","EMEA North - Switzerland","Separate Invoices","Monthly - Billing","4-500778","USD","0.00","3/17/2026","06 - Project Booked","USD","248441.28","USD","170454.72","USD","248441.28","1400150456","0","Amit Nahum"
"Syngenta - ES - Rebate Management - Global rollout-Project","Peter-Paul Lemmens","Jeroen Vanacken","","EMEA North","EMEA North - Switzerland","Holdback","Monthly - Billing","4-616185","USD","513763.20","1/30/2026","06 - Project Booked","USD","1090534.08","USD","1059385.92","USD","1094509.72","1400150430","0","Amit Nahum"
"MS - PS - Booking.com - SOW#2026-008 MuleSoft-Project","Hadi Fedrine","David Stiff","","EMEA North","EMEA North - Benelux - Netherlands","Framework","Monthly - Billing","4-554629","EUR","5081731.88","7/31/2026","06 - Project Booked","EUR","0.00","EUR","5081731.88","EUR","0.00","PO078234","1","Raphaela De Dominicis"
"SES ENGINEERING (LUX) - SOW00x Comms Cloud Implementation - CSG-Project","Peter Mariman","Cecile Kempeneers","","EMEA North","EMEA North - Benelux - Belgium & Luxembourg","Holdback","Monthly - Billing","4-278313","EUR","3071840.00","12/20/2024","06 - Project Booked","EUR","3235652.60","EUR","375467.40","EUR","3353192.32","4500084878","0","Zorana Vos"
"PO SÖDERBERG & PARTNERS AB - FS Cloud MVP Implementation -Project","Thomas Herlin","Minna Vuorema","","EMEA North","EMEA North - Nordics - Sweden","Holdback","Monthly - Billing","5209013","SEK","2465000.00","6/9/2023","06 - Project Booked","SEK","2464200.00","SEK","800.00","SEK","2656200.00",".","0","Inger-Lise Eng"
"Telia SWEDEN-Comms Cloud - 0 USD for Invoicing (1 CTO + 1 GDC 12 Mo )-Project","Dauha Elamrani Abouelassad","Minna Vuorema","","EMEA North","EMEA North - Nordics - Sweden","Invoice with Subtotal(s)","Monthly - Billing","4-600298","EUR","0.00","6/3/2025","06 - Project Booked","EUR","124640.00","EUR","46360.00","EUR","124640.00","4300167499-2","0","Shankar Venkataraman"
"Telia SWEDEN-Comms Cloud - Implementation support-Project","Dauha Elamrani Abouelassad","Minna Vuorema","","EMEA North","EMEA North - Nordics - Sweden","Invoice with Subtotal(s)","Monthly - Billing","4-600298","EUR","574920.00","3/28/2025","06 - Project Booked","EUR","298972.00","EUR","104948.00","EUR","327005.43","4300166667","0","Shankar Venkataraman"
"Booking.com Local Partner Services - SOW2026-008 CRM Insights-Project","Peter Mariman","Cecile Kempeneers","","EMEA North","EMEA North - Benelux - Netherlands","Framework","Monthly - Billing","4-554629","EUR","1218622.85","7/31/2026","06 - Project Booked","EUR","110695.92","EUR","1107926.93","EUR","110695.92","PO076240","0","Mark Roos"
"ITA - Jubilee Program - Umbrella SOW2023-001-CO041 - NEW - CSG-Project","Dario Aledi","Angelo D'Amora","","EMEA South","EMEA South - Italy","Umbrella","Monthly - Billing","8323422","EUR","24848.00","3/18/2025","06 - Project Booked","EUR","24818.00","EUR","30.00","EUR","24818.00","1000233522","0","Eugenio Balella"
"ITA - B2B - Small Evolutions H2 2024 - Umbrella SOW2023-001-CO034 - NEW -Project","Dario Aledi","Angelo D'Amora","Eugenio Balella","EMEA South","EMEA South - Italy","Umbrella","Monthly - Billing","8323422","EUR","84660.00","9/30/2024","06 - Project Booked","EUR","82492.00","EUR","2168.00","EUR","82492.00","1000229995","0","Eugenio Balella"
"ITA - Loyalty Continuous Improvement Extension 2023 - Umbrella SOW2023-0-Project","Dario Aledi","Angelo D'Amora","Eugenio Balella","EMEA South","EMEA South - Italy","Umbrella","Monthly - Billing","8323422","EUR","95884.00","10/31/2023","06 - Project Booked","EUR","118897.00","EUR","107.00","EUR","123701.35","1000222560","0","Eugenio Balella"
"ITA - C360 - Dynamic Models Behavioural Tracking - Umbrella SOW2023-001--Project","Dario Aledi","Angelo D'Amora","Eugenio Balella","EMEA South","EMEA South - Italy","Umbrella","Monthly - Billing","8323422","EUR","44896.00","6/28/2024","06 - Project Booked","EUR","44848.00","EUR","48.00","EUR","44848.00","1000227667","0","Eugenio Balella"
"ITA - Contact Center IVR Review - Umbrella SOW2023-001-CO023 - NEW - CSG-Project","Dario Aledi","Angelo D'Amora","Eugenio Balella","EMEA South","EMEA South - Italy","Umbrella","Monthly - Billing","8323422","EUR","123400.00","5/24/2024","06 - Project Booked","EUR","123365.00","EUR","35.00","EUR","123365.00","1000046464","0","Eugenio Balella"
"ITA - C360 Dynamic and Predictive Support-Project","Dario Aledi","Angelo D'Amora","","EMEA South","EMEA South - Italy","Umbrella","Monthly - Billing","8323422","EUR","187888.00","4/12/2024","06 - Project Booked","EUR","187771.00","EUR","117.00","EUR","189723.13","1000226340","0","Eugenio Balella"
"ITA - Loyalty Cont. Improv. 2024 Q1 - Umbrella SOW2023-001-CO019 - NEW --Project","Dario Aledi","Angelo D'Amora","Eugenio Balella","EMEA South","EMEA South - Italy","Umbrella","Monthly - Billing","8323422","EUR","104960.00","3/20/2024","06 - Project Booked","EUR","115776.00","EUR","64.00","EUR","121237.20","1000225719","0","Eugenio Balella"
"Danone - Commercial Harmonisation program - DA - CHILD - CSG-Project","Karine Kopainski","Eric Ngabo","","EMEA South","EMEA South - France","Invoice with Subtotal(s)","Monthly - Billing","4-810141","EUR","0.00","1/30/2024","06 - Project Booked","EUR","45970.00","EUR","1030.00","EUR","45970.00","4111188014","0","Paul Egret"
"ITA - CC IVR Hebrew - Umbrella SOW2023-001-CO032 - NEW - CSG-Project","Dario Aledi","Angelo D'Amora","Eugenio Balella","EMEA South","EMEA South - Italy","Umbrella","Monthly - Billing","8323422","EUR","31360.00","8/6/2024","06 - Project Booked","EUR","29584.00","EUR","1776.00","EUR","29584.00","1000228409","0","Eugenio Balella"
"ITA - 0$ CO - Agreement 2025-2026 - CO05 - CSG-Project","Dario Aledi","Angelo D'Amora","","EMEA South","EMEA South - Italy","Separate Invoices","Monthly - Billing","8323422","EUR","0.00","4/10/2026","06 - Project Booked","EUR","112948.00","EUR","32.00","EUR","112948.00","100024024","0","Eugenio Balella"
"ITA - 0$ CO - Agreement 2025-2026 - CO03 - CSG-Project","Dario Aledi","Angelo D'Amora","","EMEA South","EMEA South - Italy","Separate Invoices","Monthly - Billing","8323422","EUR","0.00","4/3/2026","06 - Project Booked","EUR","72265.00","EUR","27.00","EUR","72265.00","1000049900","0","Eugenio Balella"
"ITA - Contact Center Evolution 2024/2025","Dario Aledi","Angelo D'Amora","","EMEA South","EMEA South - Italy","Umbrella","Monthly - Billing","8323422","EUR","1196700.00","11/29/2024","06 - Project Booked","EUR","1041864.00","EUR","154836.00","EUR","1041864.00","1000230911","0","Eugenio Balella"
"ITA - Infopax New Generation - Umbrella SOW2023-001-CO036 - NEW - CSG-Project","Dario Aledi","Angelo D'Amora","Eugenio Balella","EMEA South","EMEA South - Italy","Umbrella","Monthly - Billing","8323422","EUR","76680.00","9/26/2024","06 - Project Booked","EUR","76659.00","EUR","21.00","EUR","76659.00","1000229995","0","Eugenio Balella"
"ITA - Loyalty Management 2023 - Umbrella SOW2023-001-CO001 - Parent-Project","Dario Aledi","Angelo D'Amora","","EMEA South","EMEA South - Italy","Umbrella","Monthly - Billing","8323422","EUR","968320.00","5/31/2023","06 - Project Booked","EUR","1091016.00","EUR","104.00","EUR","1091016.00","1000219965","0","Eugenio Balella"
"ITA - Chameleons Cactus decommission - Umbrella SOW2023-001-CO028 - NEW -Project","Dario Aledi","Angelo D'Amora","Eugenio Balella","EMEA South","EMEA South - Italy","Umbrella","Monthly - Billing","8323422","EUR","157000.00","7/1/2024","06 - Project Booked","EUR","156904.00","EUR","96.00","EUR","156904.00","1000228409","0","Eugenio Balella"
"ITA - Chameleons Upgrade on Board - Umbrella SOW2023-001-CO031 - NEW - C-Project","Dario Aledi","Angelo D'Amora","Eugenio Balella","EMEA South","EMEA South - Italy","Umbrella","Monthly - Billing","8323422","EUR","159904.00","7/29/2024","06 - Project Booked","EUR","159900.00","EUR","4.00","EUR","159900.00","1000228409","0","Eugenio Balella"
"ITA - Loyalty Project Extension 2024 - Umbrella SOW2023-001-CO024 - NEW -Project","Dario Aledi","Angelo D'Amora","Eugenio Balella","EMEA South","EMEA South - Italy","Umbrella","Monthly - Billing","8323422","EUR","322999.00","5/24/2024","06 - Project Booked","EUR","320803.00","EUR","2196.00","EUR","320803.00","1000227122","0","Eugenio Balella"
"ITA - MVS Downsizing - Umbrella SOW2023-001-CO009 - NEW - CSG #GW24-Project","Dario Aledi","Angelo D'Amora","Eugenio Balella","EMEA South","EMEA South - Italy","Umbrella","Monthly - Billing","8323422","EUR","149824.00","10/26/2023","06 - Project Booked","EUR","148504.00","EUR","1320.00","EUR","148504.00","1000222560","0","Eugenio Balella"
"ITA - New Channel Area B2B Site - Umbrella SOW2023-001-CO006 - NEW - CSG-Project","Dario Aledi","Angelo D'Amora","Eugenio Balella","EMEA South","EMEA South - Italy","Umbrella","Monthly - Billing","8323422","EUR","278116.00","10/26/2023","06 - Project Booked","EUR","278067.00","EUR","49.00","EUR","278067.00","1000222560","0","Eugenio Balella"
"ITA - Contact Center Continuous Improvement Extension 2023 - Umbrella SO-Project","Dario Aledi","Angelo D'Amora","Eugenio Balella","EMEA South","EMEA South - Italy","Umbrella","Monthly - Billing","8323422","EUR","189844.00","11/30/2023","06 - Project Booked","EUR","189816.00","EUR","28.00","EUR","189994.50","1000223609","0","Eugenio Balella"
"ITA - B2B Continuous Improvement Extension 2023 - Umbrella SOW2023-001-C-Project","Dario Aledi","Angelo D'Amora","Eugenio Balella","EMEA South","EMEA South - Italy","Umbrella","Monthly - Billing","8323422","EUR","143536.00","11/27/2023","06 - Project Booked","EUR","143508.00","EUR","28.00","EUR","143508.00","1000223297","0","Eugenio Balella"
"ITA - Cargo Continuous Improvement Extension - Umbrella SOW2023-001-CO01-Project","Dario Aledi","Angelo D'Amora","Eugenio Balella","EMEA South","EMEA South - Italy","Umbrella","Monthly - Billing","8323422","EUR","51978.00","11/15/2023","06 - Project Booked","EUR","51956.00","EUR","22.00","EUR","51956.00","1000223297","0","Eugenio Balella"
"ITA - 0$ CO - Agreement 2025-2026 - CO04 - CSG-Project","Dario Aledi","Angelo D'Amora","","EMEA South","EMEA South - Italy","Separate Invoices","Monthly - Billing","8323422","EUR","0.00","10/20/2025","06 - Project Booked","EUR","965903.00","EUR","143860.00","EUR","971946.50","1000238250","0","Eugenio Balella"
"ITA - 0$ CO - Agreement 2025-2026 - CO02 - CSG-Project","Dario Aledi","Angelo D'Amora","","EMEA South","EMEA South - Italy","Separate Invoices","Monthly - Billing","8323422","EUR","0.00","8/7/2025","06 - Project Booked","EUR","139474.00","EUR","131323.00","EUR","139474.00","1000236870","0","Eugenio Balella"
"ITA - Chameleons Cleaning Reports - Umbrella SOW2023-001-CO022 - NEW - C-Project","Dario Aledi","Angelo D'Amora","Eugenio Balella","EMEA South","EMEA South - Italy","Umbrella","Monthly - Billing","8323422","EUR","107736.00","6/3/2024","06 - Project Booked","EUR","107727.00","EUR","9.00","EUR","107786.50","1000227667","0","Eugenio Balella"
"ITA - Cargo Commercial Gestures - Umbrella SOW2023-001-CO026 - NEW - CSG-Project","Dario Aledi","Angelo D'Amora","Eugenio Balella","EMEA South","EMEA South - Italy","Umbrella","Monthly - Billing","8323422","EUR","49512.00","6/12/2024","06 - Project Booked","EUR","49444.00","EUR","68.00","EUR","49444.00","1000227667","0","Eugenio Balella"
"ITA - Ground - APOC Actions - Umbrella SOW2023-001-CO030 - NEW - CSG-Project","Dario Aledi","Angelo D'Amora","Eugenio Balella","EMEA South","EMEA South - Italy","Umbrella","Monthly - Billing","8323422","EUR","28296.00","7/17/2024","06 - Project Booked","EUR","28284.00","EUR","12.00","EUR","28284.00","1000228409","0","Eugenio Balella"
"ITA - Booking NDC - Umbrella SOW2023-001-CO007 - NEW - CSG #GW24-Project","Dario Aledi","Angelo D'Amora","Eugenio Balella","EMEA South","EMEA South - Italy","Umbrella","Monthly - Billing","8323422","EUR","652466.00","10/26/2023","06 - Project Booked","EUR","147532.40","EUR","551853.60","EUR","147532.40","1000222560","1","Eugenio Balella"
"ITA - C360 Continuous Improvement - Umbrella SOW-Project","Dario Aledi","Angelo D'Amora","","EMEA South","EMEA South - Italy","Umbrella","Monthly - Billing","8323422","EUR","177072.00","7/17/2023","06 - Project Booked","EUR","177068.00","EUR","4.00","EUR","185978.41","1000221009","0","Eugenio Balella"
"ITA - 0$ CO - Agreement 2025-2026 - CO01 - CSG-Project","Dario Aledi","Angelo D'Amora","","EMEA South","EMEA South - Italy","Separate Invoices","Monthly - Billing","8323422","EUR","0.00","6/27/2025","06 - Project Booked","EUR","707551.00","EUR","128987.00","EUR","707551.00","1000235840","0","Eugenio Balella"
"ITA - Agreement 2025-2026 - NEW - CSG-Project","Dario Aledi","Angelo D'Amora","Eugenio Balella","EMEA South","EMEA South - Italy","Invoice with Subtotal(s)","Monthly - Billing","8323422","EUR","4999688.00","12/18/2024","06 - Project Booked","EUR","1324727.00","EUR","1272591.00","EUR","1334719.95","1000237885","0","Eugenio Balella"
"ITA - OCC - Briefing Dashboard - Umbrella SOW2023-001-CO035 - NEW - CSG-Project","Dario Aledi","Angelo D'Amora","Eugenio Balella","EMEA South","EMEA South - Italy","Umbrella","Monthly - Billing","8323422","EUR","38596.00","10/15/2024","06 - Project Booked","EUR","38560.00","EUR","36.00","EUR","38560.00","1000230465","0","Eugenio Balella"
"ITA - C360 Continuous Improvement 2024 - Umbrella SOW2023-001-CO017 - NE-Project","Dario Aledi","Angelo D'Amora","Eugenio Balella","EMEA South","EMEA South - Italy","Umbrella","Monthly - Billing","8323422","EUR","162792.00","3/4/2024","06 - Project Booked","EUR","173640.00","EUR","32.00","EUR","177321.21","1000225719","0","Eugenio Balella"
"ITA - Amadeus Extension 2023 - Umbrella SOW2023-001-CO002- NEW - CSG-Project","Dario Aledi","Angelo D'Amora","","EMEA South","EMEA South - Italy","Umbrella","Monthly - Billing","8323422","EUR","399520.00","5/30/2023","06 - Project Booked","EUR","399440.00","EUR","80.00","EUR","399499.50","1000219965","0","Eugenio Balella"
"ITA - C360 Project Extension 2024 Wave 1 - Umbrella SOW2023-001-CO025 - -Project","Dario Aledi","Angelo D'Amora","Eugenio Balella","EMEA South","EMEA South - Italy","Umbrella","Monthly - Billing","8323422","EUR","259832.00","6/25/2024","06 - Project Booked","EUR","248144.00","EUR","11688.00","EUR","248144.00","1000227667","0","Eugenio Balella"
"ITA - Chameleons Continuous Improvement 2024 - Umbrella SOW2023-001-CO02-Project","Dario Aledi","Angelo D'Amora","Eugenio Balella","EMEA South","EMEA South - Italy","Umbrella","Monthly - Billing","8323422","EUR","56472.00","5/6/2024","06 - Project Booked","EUR","56420.00","EUR","52.00","EUR","56420.00","1000227120","0","Eugenio Balella"
"ITA - Contact Center Improvements Wave 2+3 - Umbrella SOW2023-001-CO005 -Project","Dario Aledi","Angelo D'Amora","Eugenio Balella","EMEA South","EMEA South - Italy","Umbrella","Monthly - Billing","8323422","EUR","378642.00","10/5/2023","06 - Project Booked","EUR","378616.00","EUR","26.00","EUR","378616.00","1000222560","0","Eugenio Balella"
"ITA - Cargo Contact Center Setup - Umbrella SOW2023-001-CO014 - NEW - CS-Project","Dario Aledi","Angelo D'Amora","Eugenio Balella","EMEA South","EMEA South - Italy","Umbrella","Monthly - Billing","8323422","EUR","56160.00","11/21/2023","06 - Project Booked","EUR","56052.00","EUR","108.00","EUR","56052.00","1000223297","0","Eugenio Balella"
"UHG - CHART case mgmt and usability modernization - Work Order #2-Project","Sandra Wong","Muhammad Farooq","Muhammad Farooq","AMER HLS","AMER REG - HLS - Healthcare - ENTR & CMRCL Payer 1","Framework","Monthly - Billing","3-100886","USD","0.00","3/8/2024","06 - Project Booked","USD","208496.00","USD","8024.00","USD","208496.00",".","0","Muhammad Farooq"
"UHG - Master SOW Work Order # 1 - MC@2024","Patrick Hastie","Janet Bostjancic","Muhammad Farooq","AMER HLS","AMER REG - HLS - Healthcare - ENTR & CMRCL Payer 1","Framework","Monthly - Billing","4-436439","USD","0.00","1/30/2024","06 - Project Booked","USD","1389111.60","USD","107044.40","USD","1389111.60","1318781","0","Muhammad Farooq"
"UHG - 2yr Services Partnership - Parent split - CSG-Project","Ashley Whitmire","Kelly McGraw","Muhammad Farooq","AMER HLS","AMER REG - HLS - Healthcare","Framework","Monthly - Billing","4-331312","USD","8780355.75","1/30/2024","06 - Project Booked","USD","0.00","USD","6857584.62","USD","0.00","1318781","1","Muhammad Farooq"
"Brighton Health - Member 360 Call Center - Implementation #HLSMustWin-Project","Rob Burks","Jarvis Camp","","AMER HLS","AMER REG - HLS - Healthcare - ENTR & CMRCL Payer 1","Holdback","Monthly - Billing","5192364","USD","999976.00","8/10/2023","06 - Project Booked","USD","999839.35","USD","136.65","USD","1014267.74","3769","0","Thomas Heagney"
"UHG - CRMA Extension Work Order 6 - CSG -Project","Vikram Dhillon","Sandra Wong","","AMER HLS","AMER REG - HLS - Healthcare","Framework","Monthly - Billing","4-436439","USD","23614.40","11/25/2025","06 - Project Booked","USD","23217.60","USD","396.80","USD","23217.60","PO1527082","0","Alyssia Mondello"
"UHG - CRMA Phase 2 - CSG #Vun- Work Order #5-Project","Vikram Dhillon","Sandra Wong","","AMER HLS","AMER REG - HLS - Healthcare","Framework","Monthly - Billing","4-436439","USD","106264.80","3/31/2025","06 - Project Booked","USD","106144.00","USD","120.80","USD","106144.00","1526570","0","Alyssia Mondello"
"Davita - Patient360 CO - CSG Salandra-Project","Amy Gallagher","Nicholas Chua","Alyssia Mondello","AMER HLS","AMER REG - HLS - Healthcare - ENTR & CMRCL Payer 1","Holdback","Monthly - Billing","4-865407","USD","88900.00","4/25/2024","06 - Project Booked","USD","88899.91","USD","0.09","USD","88899.91",".","0","Alyssia Mondello"
"Acadia - Patient Access Implementation - CSG - New-Project","Brandon Villareal","Dena Gebrowsky","","AMER HLS","AMER REG - HLS - Life Sciences & CMRCL - ENTR Life Sciences & CMRCL Provider","Holdback","Monthly - Billing","4-276147","USD","1773588.00","4/13/2023","06 - Project Booked","USD","1838333.25","USD","54.75","USD","1843096.42",".","0","Pradyumna Shirahatti"
"Brighton Health - Member 360 Call Center CO1 - Services #Chase-Project","Rob Burks","Jarvis Camp","Alyssia Mondello","AMER HLS","AMER REG - HLS - Healthcare - ENTR & CMRCL Payer 1","Holdback","Monthly - Billing","5192364","USD","499940.00","3/29/2024","06 - Project Booked","USD","499648.80","USD","291.20","USD","504688.80",".","0","Alyssia Mondello"
"UHG - Prof Services - 2026 MC@ Extension - Work Order-Project","Patrick Hastie","Janet Bostjancic","","AMER HLS","AMER REG - HLS - Healthcare","Framework","Monthly - Billing","4-436439","USD","1404576.58","12/30/2025","06 - Project Booked","USD","760327.60","USD","644248.98","USD","756143.60","PO1646566","0","Michael Vun"
"UHG - MC@ team for 2025 - Work Order 3-Project","Patrick Hastie","Janet Bostjancic","","AMER HLS","AMER REG - HLS - Healthcare","Framework","Semi-annual","4-436439","USD","0.00","12/30/2024","06 - Project Booked","USD","1403537.00","USD","56930.20","USD","1403537.00","PO Case Approved","0","Muhammad Farooq"
"Hims- Service Cloud & Experience Cloud Implementation -CSG-Project","Ashish Singhal","Joe Pietras","","AMER HLS","AMER REG - HLS - Life Sciences & CMRCL","Holdback","Monthly - Billing","6317523","USD","771275.00","11/19/2025","06 - Project Booked","USD","951881.45","USD","40828.55","USD","995561.45",".","0","Danielle Gibbs"
"Davita, CSG Services, Patient360, RFP Response SOW (MC+CDP+IS)-Project","Amy Gallagher","Nicholas Chua","Nathaniel Volkman","AMER HLS","AMER REG - HLS - Healthcare - ENTR & CMRCL Payer 1","Holdback","Monthly - Billing","4-865407","USD","950000.00","10/3/2023","06 - Project Booked","USD","949998.24","USD","1.76","USD","949998.24",".","0","Nathaniel Volkman"
"NBCU - GTVD - SOW- CSG-Project","Ammar Bhaisaheb","Laureen Hidalgo","","[INACTIVE - FY26] AMER KEY ACCTS","AMER ACC - C&M - 2","Holdback","Monthly - Billing","4-264572","USD","1377080.00","11/21/2022","06 - Project Booked","USD","1376845.01","USD","234.99","USD","1386694.04","3400543586","0","Andy Freeman"
"Comcast - Effectv - Phase 1+ -CO-  CSG - Parent split-Project","Joe Hogan","Sarah Ramnath","Andy Freeman","[INACTIVE - FY26] AMER KEY ACCTS","AMER TMT - 1","Holdback","Monthly - Billing","4-473075","USD","3677623.58","10/30/2023","06 - Project Booked","USD","3628787.84","USD","190.30","USD","3643489.29","2865010","0","Andy Freeman"
"Comcast - Effectv Media Cloud Implementation-SOW- CSG -Project","Joe Hogan","Sarah Ramnath","","[INACTIVE - FY26] AMER KEY ACCTS","AMER ACC - C&M - 2","Holdback","Monthly - Billing","4-473075","USD","4089832.24","4/28/2023","06 - Project Booked","USD","4069417.29","USD","20414.95","USD","4177667.46","2865010","0","Andy Freeman"
"Comcast EffecTV - Phase 1 - CSG #janpullforward-Project","Wilson Lee","Wendy Li-Strickler","","[INACTIVE - FY26] AMER KEY ACCTS","AMER ACC - C&M - 2","Holdback","Monthly - Billing","4-473075","USD","873600.00","1/31/2023","06 - Project Booked","USD","863660.62","USD","9939.38","USD","865838.95","2844764","0","Michael Buckley"
"WK - OneCS Project Harmony - Project Team Extension - CO - CSG-Project","Vishy Ram","Prateek Jain","","[INACTIVE - FY26] AMER KEY ACCTS","AMER TMT - 1","Holdback","Monthly - Billing","4-217612","USD","272782.16","5/23/2024","06 - Project Booked","USD","272383.84","USD","398.32","USD","272383.84","98376","0","Michael Buckley"
"Experian ECS + D360 Initial UC - CSG-Project","Emily Day","Alex Habit","","AMER CBS","AMER CBS - 2","AWS SI Funding","Monthly - Billing","111410877","USD","197760.00","7/23/2026","06 - Project Booked","USD","0.00","USD","197760.00","USD","0.00","4098333470","0","Rupayan Mukherjee"
"Equinox - Agentforce SoCal Clubs-Project","Heather Wahlstrom (she/her)","Anastasia Lianakis","","AMER CBS","AMER CBS - 2","Holdback","Monthly - Billing","4-477950","USD","212240.00","1/31/2026","06 - Project Booked","USD","0.00","USD","212240.00","USD","0.00",".","1","Rupayan Mukherjee"
"Expedia Tableau Cloud Migration-Project","Erica Silva","Richard Knight","","AMER CBS","AMER CBS - 2","AWS SI Funding","Monthly - Billing","6536430","USD","235060.80","1/31/2026","06 - Project Booked","USD","234729.75","USD","331.05","USD","234729.75","., 3M-9ALV7YCC34","0","Rupayan Mukherjee"
"MS - Public Storage - Framework CO02-Project","Meri McIntire","Zachary Wagner","","AMER CBS","AMER CBS - 2","Framework","Monthly - Billing","4-362897","USD","0.00","6/3/2024","06 - Project Booked","USD","8390.00","USD","10.00","USD","8390.00",".","0","Quincy Lima"
"Werner - CCaaS Implementation-Project","Tejas Hatalkar","Siva Mani","","AMER CBS","AMER CBS - 2","Holdback","Monthly - Billing","4-472876","USD","1546406.08","7/31/2026","06 - Project Booked","USD","18910.52","USD","1527495.56","USD","0.00","TBD","1","Erin Porter"
"Lennar WO4 - NHC Mobile Sidekick Agent Phase 1-Project","Ken Shemanske","Nagendra Balachandra","","AMER CBS","AMER CBS - 2","Framework","Monthly - Billing","4-204037","USD","595968.87","5/30/2025","06 - Project Booked","USD","594652.44","USD","1316.43","USD","594652.44","SSPR0001340","0","Rupayan Mukherjee"
"Lennar - WO#4 - Scheduler-Project","Avishake Mukherjee","Nagendra Balachandra","Danielle Gibbs","AMER CBS","AMER CBS - 2","Framework","Monthly - Billing","4-204037","USD","143119.05","4/1/2025","06 - Project Booked","USD","139921.34","USD","3197.71","USD","139921.34","SSPR0001340","0","Danielle Gibbs(MC1)"
"Lennar - Agentforce - AISC WO2-Project","Avishake Mukherjee","Nagendra Balachandra","","AMER CBS","AMER CBS - 2","Framework","Monthly - Billing","4-204037","USD","654182.00","2/1/2025","06 - Project Booked","USD","653153.51","USD","1028.49","USD","653228.14","tbd","0","Erin Porter"
"Lennar - 2025 Professional Services Extension Framework SOW-Project","Sudhir Vungarala","Greg Asselin","","AMER CBS","AMER CBS - 2","Framework","Monthly - Billing","4-204037","USD","6051611.80","1/31/2025","06 - Project Booked","USD","0.00","USD","4619490.25","USD","0.00","SSPR0001340","1","Erin Porter"
"Lennar NHC Mobile CO08-Project","Ken Shemanske","Sudhir Vungarala","Erin Porter","AMER CBS","AMER CBS - 2","Framework","Monthly - Billing","4-204037","USD","0.00","1/6/2025","06 - Project Booked","USD","96990.00","USD","458770.00","USD","96990.00","RITM1839115","0","Erin Porter"
"Public Storage - PARENT Framework Agreement for MC, Data, Service and Mu-Project","Sean Ryan","Shraddha Tirthali","Carlo Vesentini","AMER CBS","AMER CBS - 2","Framework","Monthly - Billing","4-362897","USD","13894180.00","10/31/2023","06 - Project Booked","USD","0.00","USD","14602700.00","USD","0.00",".","1","Carlo Vesentini"
"QXO Agentic HR Service","Russ Kogut","Sachin Gupta","","AMER CBS","AMER CBS - 2","Holdback","Monthly - Billing","9992349","USD","1622800.80","2/5/2026","06 - Project Booked","USD","1529656.52","USD","469459.48","USD","1535391.58",".","0","Erin Porter"
"Lennar NHC Mobile moving to new Framework SOW- WO1-Project","Ken Shemanske","Nagendra Balachandra","","AMER CBS","AMER CBS - 2","Framework","Monthly - Billing","4-204037","USD","0.00","1/31/2025","06 - Project Booked","USD","463400.75","USD","55206.20","USD","463400.75","SSPR0001340","0","Erin Porter"
"Lennar - Digital Engagement CO-04-Project","Ken Shemanske","Nagendra Balachandra","Erin Porter","AMER CBS","AMER CBS - 2","Framework","Monthly - Billing","4-204037","USD","0.00","8/14/2024","06 - Project Booked","USD","447145.00","USD","1880.00","USD","447145.00","RITM1839115","0","Erin Porter"
"IBM-SOW-GreenStar- FY26 6 Mo Ext Paid Uplift-CSG-Project","Michael Ward","Siva Mani","","AMER CBS","AMER CBS - 1","Framework + Holdback","Monthly - Billing","4-680137","USD","1848891.52","1/24/2025","06 - Project Booked","USD","1816888.75","USD","32002.77","USD","1822646.20","4701012451","0","Melissa Feder"
"IBM Green STAR Program CO02-CSG-Project","Michael Ward","Ben Wilkinson","","AMER CBS","AMER CBS - 1","Framework + Holdback","Monthly - Billing","4-680137","USD","0.00","7/29/2024","06 - Project Booked","USD","842309.32","USD","178.68","USD","1172354.01","4700935377","0","Katie Luby"
"IBM-MASTER SOW-GreenStar- Program-+MVP build team-CSG-Project","Chad De Silva","Paul Giancola","Katie Luby","AMER CBS","AMER CBS - 1","Framework + Holdback","Monthly - Billing","4-680137","USD","8143357.81","3/15/2024","06 - Project Booked","USD","0.00","USD","24472.22","USD","0.00","4700881134","1","Katie Luby"
"Lennar CO Lennar Account CO07-Project","Ken Shemanske","Sudhir Vungarala","","AMER CBS","AMER CBS - 2","Framework","Monthly - Billing","4-204037","USD","0.00","10/31/2024","06 - Project Booked","USD","230715.00","USD","21585.00","USD","230715.00","RITM183915","0","Erin Porter"
"Lennar - homeowner portal, customer case, SCV, data cloud, marketing & s-Project","Ken Shemanske","Sudhir Vungarala","Erin Porter","AMER CBS","AMER CBS - 2","Framework","Monthly - Billing","4-204037","USD","6093175.00","1/31/2024","06 - Project Booked","USD","0.00","USD","3141090.00","USD","340698.00","RITM1839115","1","Erin Porter"
"Lennar - Homeowner Portal Team Ext 3 months CO05-Project","Ken Shemanske","Sudhir Vungarala","","AMER CBS","AMER CBS - 2","Framework","Monthly - Billing","4-204037","USD","0.00","7/10/2024","06 - Project Booked","USD","644080.00","USD","10070.00","USD","644080.00","RITM1839115","0","Erin Porter"
"Bright Horizons Marketing improvements CO01-Project","Sylvia Edwards","Mark Burns","Carlo Vesentini","AMER CBS","AMER CBS - 2","Framework","Monthly - Billing","0-169024","USD","0.00","6/28/2024","06 - Project Booked","USD","64910.00","USD","3090.00","USD","64910.00","PO-BHCC-10404049","0","Carlo Vesentini"
"MS - MuleSoft CO#1 to Framework SOW-Project","Meri McIntire","Michele Masheck (she/her)","Jitesh Jasapara","AMER CBS","AMER CBS - 2","Framework","Monthly - Billing","4-362897","USD","0.00","11/22/2023","06 - Project Booked","USD","444040.00","USD","560.00","USD","444040.00","Mulesoft CO01","0","Jitesh Jasapara"
"Bright Horizons - Framework for FSC, Data Cloud, Service, CPQ, Portal Im-Project","Vidya Patil","Aaron Stampa","Carlo Vesentini","AMER CBS","AMER CBS - 2","Framework","Monthly - Billing","0-169024","USD","8955260.00","4/19/2024","06 - Project Booked","USD","0.00","USD","8887260.00","USD","0.00","PO-BHCC-10361589","1","Carlo Vesentini"
"Lumen - SOW - SFS Remediation P0 + P1 (Quantum Fiber) - CSG - New-Project","Russ Kogut","Amar Kumthekar","Sam Nader","AMER TMT","AMER TMT - 1","Holdback","Monthly - Billing","4-302157","USD","2416000.00","5/31/2024","06 - Project Booked","USD","2415987.55","USD","12.45","USD","2415987.55","3300103688","0","Sam Nader"
"Spark Media Holdings (NBCU) - SLK_WorkOS_Design&Implement - SOW-Project","Julia Kreger","Katy Zavala","","AMER TMT","AMER TMT - 1","Holdback","Monthly - Billing","111071063","USD","1487160.00","5/14/2025","06 - Project Booked","USD","1487020.00","USD","140.00","USD","1506392.50","3400773856","0","Akash Agarwal"
"NBCU - NBCNewsLocal - Launch Slack  - SOW - T&M-Project","Julia Kreger","Katy Zavala","Akash Agarwal","AMER TMT","AMER TMT - 1","Holdback","Monthly - Billing","4-264572","USD","270550.00","7/31/2024","06 - Project Booked","USD","251197.51","USD","19352.49","USD","251197.51","3400684567","0","Akash Agarwal"
"SiriusXM - Campaign Ops - 2025 Extension-Project","Karri Kowal","Ahmed Hassan","","AMER TMT","AMER TMT - 1","Holdback","Monthly - Billing","9344451","USD","2794914.24","2/6/2025","06 - Project Booked","USD","2794853.41","USD","60.83","USD","2794853.41","449747","0","Sarah Van Leeuwen"
"Main oppty - Lumen - SOW - QF Clone & Convey, SFS, MS - New-Project","Divyam Prakash","Benjamin Lawrence","","AMER TMT","AMER TMT - 1","Holdback","Monthly - Billing","4-302157","USD","2405725.00","7/31/2025","06 - Project Booked","USD","2804005.00","USD","520.00","USD","2804005.00","3300133939","0","Jason Buck"
"SiriusXM - Campaign Services Adobe Transition RFP - New - CSG-Project","Karri Kowal","Sarah Ramnath","Sarah Van Leeuwen","AMER TMT","AMER TMT - 1","Holdback","Monthly - Billing","9344451","USD","3923927.04","1/31/2024","06 - Project Booked","USD","3923749.35","USD","177.69","USD","3976690.84","441584","0","Sarah Van Leeuwen"
"Lumen B2C - CO- QF Clone & Convey - Additional Scope - CSG-Project","Divyam Prakash","Rathish Nair","","AMER TMT","AMER TMT - 1","Holdback","Monthly - Billing","4-302157","USD","2028900.00","9/19/2025","06 - Project Booked","USD","2027552.00","USD","1348.00","USD","2192460.00","3300137840","0","Jason Buck"
"Meta -ACN - Advisory FY25 -OF - CSG-Project","Ketan Thaker","Raymond Gunawan","Shelby Seip","AMER TMT","AMER TMT - 2","Holdback","Monthly - Billing","4-222889","USD","227328.00","9/27/2024","06 - Project Booked","USD","227324.65","USD","3.35","USD","227324.65","TBD","0","Shelby Seip(MC)"
"Zayo - 1 CTO - New - CSG-Project","Mohit Dubey","Sarah Ramnath","","AMER TMT","AMER TMT - 1","AWS SI Funding","Monthly - Billing","4-252627","USD","572832.00","7/8/2026","06 - Project Booked","USD","0.00","USD","572832.00","USD","0.00","TBD","0","Michael Buckley"
"Lumen - SOW - SFMC instance CO1 - QF Clone and Convey- CSG - New-Project","Allie Kilpatrick","Juhi Tiwari","","AMER TMT","AMER TMT - 1","Holdback","Monthly - Billing","4-302157","USD","68960.00","1/15/2026","06 - Project Booked","USD","65818.00","USD","3142.00","USD","65818.00","3300146852","0","Michael Buckley(JL)"
"Lumen - QF C&C - Extension-Project","Russ Kogut","Benjamin Lawrence","","AMER TMT","AMER TMT - 1","Holdback","Monthly - Billing","4-302157","USD","516710.00","1/14/2026","06 - Project Booked","USD","530708.75","USD","1.25","USD","530708.75","3300147621","0","Michael Buckley(JL)"
"Lumen - QF SFS BidMaster Replace - CSG-Project","Russ Kogut","Amar Kumthekar","","AMER TMT","AMER TMT - 1","Holdback","Monthly - Billing","4-302157","USD","798530.00","10/30/2025","06 - Project Booked","USD","798528.75","USD","1.25","USD","798528.75","3300140998","0","Michael Buckley(JL)"
"Lumen - SOW - SFMC instance - QF Clone and Convey- CSG","Allie Kilpatrick","Juhi Tiwari","","AMER TMT","AMER TMT - 1","Holdback","Monthly - Billing","4-302157","USD","710215.00","7/25/2025","06 - Project Booked","USD","710111.50","USD","103.50","USD","710111.50","3300132125","0","Michael Buckley(JL)"
"DX - Dpep- - Data cloud build-  CO6 - CSG - Services-Project","Thomas Trumble","Wendy Li-Strickler","","AMER TMT","AMER TMT - 1","AWS SI Funding","Monthly - Billing","8486134","USD","199793.30","1/29/2025","06 - Project Booked","USD","198061.99","USD","1731.31","USD","198061.99",".","1","Michael Buckley"
"SiriusXM - MOPs/Campaign Ops - 2026 Extension-Project","Karri Kowal","Ahmed Hassan","","AMER TMT","AMER TMT - 1","Holdback","Monthly - Billing","9344451","USD","2851760.94","1/30/2026","06 - Project Booked","USD","1381351.22","USD","1470409.72","USD","1381351.22","457434","0","Sarah Van Leeuwen"
"Lumen - CO - SFS QF Ready to Clone - CSG-Project","Russ Kogut","Amar Kumthekar","","AMER TMT","AMER TMT - 1","Holdback","Monthly - Billing","4-302157","USD","2146375.00","7/31/2025","06 - Project Booked","USD","2262112.50","USD","7362.50","USD","2475905.50","3300118578","0","Jason Buck"
"DX-DPEP - Disney - Contact Center Next - MVP Build - CSG-Project","Nicole Berlin","Prasad C Joshi","","AMER TMT","AMER TMT - 1","Holdback","Quarterly","8486134","USD","932901.24","4/25/2025","06 - Project Booked","USD","928154.90","USD","4746.34","USD","962560.35","7000720722","1","Michael Buckley"
"Procore Partner PRM Transformation-Project","Sheena Belcher","Heather Wahlstrom (she/her)","","AMER TMT","AMER TMT - 2","Holdback","Monthly - Billing","4-212812","USD","1874143.20","8/21/2025","06 - Project Booked","USD","1873147.76","USD","995.44","USD","1894507.67","US29550","0","Alana Kaselitz"
"PNC Bank - 3 Yr Ent SOW $0 CO-0003 - XD, TA Lending Extension (Feb-Mar) -Project","Sriram Venkatraman","Roberto Garcia Lastra","Andrew Hood","[INACTIVE - FY26]AMER FINS STRAT & INS","AMER REG - STRAT FINS & INS - Strat Banking","Framework","Monthly - Billing","4-601619","USD","0.00","2/15/2024","06 - Project Booked","USD","113832.40","USD","5852.00","USD","113832.40","1431036","0","Andrew Hood"
"PNC Bank - 3 Yr Ent SOW $0 CO-0002 - XD Extension COE (Feb-May) - CSG-Project","Sriram Venkatraman","Roberto Garcia Lastra","Andrew Hood","[INACTIVE - FY26]AMER FINS STRAT & INS","AMER REG - STRAT FINS & INS - Strat Banking","Framework","Monthly - Billing","4-601619","USD","0.00","2/15/2024","06 - Project Booked","USD","120310.30","USD","23604.90","USD","120310.30","1431641","0","Andrew Hood"
"PNC Bank - 3 Yr Ent SOW CO-0001 CRMA, COE- CSG-Project","Sriram Venkatraman","Roberto Garcia Lastra","Andrew Hood","[INACTIVE - FY26]AMER FINS STRAT & INS","AMER REG - STRAT FINS & INS - Strat Banking","Framework","Monthly - Billing","4-601619","USD","0.00","1/24/2024","06 - Project Booked","USD","385985.05","USD","128.15","USD","385985.05","POE Case: 39779225","0","Andrew Hood"
"Prudential - $0 DD - March POC Pru + SF AI Proposal (Service Inc. Only)-Project","Jeramie Burnett","Staci Steadman","","[INACTIVE - FY26]AMER FINS STRAT & INS","AMER REG - STRAT FINS & INS - Insurance 2","Invoice with Subtotal(s)","Monthly - Billing","8226299","USD","0.00","7/25/2024","06 - Project Booked","USD","203516.65","USD","68.75","USD","203516.65","NA","0","Dani Fu"
"Morgan Stanley - MC Email Archiving Support - Task Order #3-Project","Jeramie Burnett","Sean Morrison","Madhu Kandula","[INACTIVE - FY26]AMER FINS STRAT & INS","AMER REG - STRAT FINS & INS - Strat Banking","Framework","Monthly - Billing","4-230875","USD","0.00","6/26/2024","06 - Project Booked","USD","6525.00","USD","180.00","USD","6525.00","PO628249","0","Madhu Kandula"
"Prudential - $0 DD - Prudential CRMA Proposal-Project","Dave Rees","Staci Steadman","Dani Fu","[INACTIVE - FY26]AMER FINS STRAT & INS","AMER REG - STRAT FINS & INS - Insurance 2","Invoice with Subtotal(s)","Monthly - Billing","8226299","USD","0.00","4/19/2024","06 - Project Booked","USD","191921.43","USD","78.57","USD","191921.43","NA","0","Dani Fu"
"LWCC - post Illuminate support - phase 1 - CSG-Project","Derek Schutz","Sheetal Shah","Lindsy Fong","[INACTIVE - FY26]AMER FINS STRAT & INS","AMER REG - STRAT FINS & INS - Insurance 1","Holdback","Monthly - Billing","4-845015","USD","4444515.90","12/22/2023","06 - Project Booked","USD","5478915.56","USD","0.34","USD","5987532.10",".","0","Lindsy Fong"
"AAA Northeast - Direct - Gold Copy Deployment-Project","Amy Nelson","Trung Phan","","[INACTIVE - FY26]AMER FINS STRAT & INS","AMER REG - STRAT FINS & INS - Insurance 2","Holdback","Monthly - Billing","8012681","USD","1175940.75","11/30/2022","06 - Project Booked","USD","1175767.70","USD","173.05","USD","1226272.08",".","0","Anthony Pelletiere"
"AAA Club Alliance (ACA) - Direct - Gold Copy Deployment-Project","Amy Nelson","Trung Phan","","[INACTIVE - FY26]AMER FINS STRAT & INS","AMER REG - STRAT FINS & INS - Insurance 2","Holdback","Monthly - Billing","4-316717","USD","1175940.00","11/23/2022","06 - Project Booked","USD","1175435.12","USD","504.88","USD","1223659.50",".","0","Anthony Pelletiere"
"Coop - CRM Support -  Work Order 2 - CSG-Project","Arvind Mukhi","Michael Sirohi","","[INACTIVE - FY26]AMER FINS ENT BANKING & CAN","AMER REG - ENT BANKING & CAN - Canada","Framework","Monthly - Billing","4-865123","CAD","0.00","9/20/2024","06 - Project Booked","CAD","132240.00","CAD","11600.00","CAD","132259.40",".","0","Stéphane Gagnon"
"Manulife - GHNW Bermuda New Business EXTENDED DESIGN [CO#17] - CSG-Project","Todd Pappas","Manoj Kumar","","[INACTIVE - FY26]AMER FINS ENT BANKING & CAN","AMER REG - ENT BANKING & CAN - Canada","Framework","Monthly - Billing","4-565284","USD","0.00","1/4/2024","06 - Project Booked","USD","48874.00","USD","15500.00","USD","48874.00",".","0","Sarah Corkery"
"Shift4 - DT Project 1 - Phoenix FSC Service Contact Center","Jason Adams","Abhishek Ballabh","","[INACTIVE - FY26]AMER FINS ENT BANKING & CAN","AMER REG - ENT BANKING & CAN - CMRCL Banking","Framework","Monthly - Billing","4-233003","USD","0.00","7/14/2023","06 - Project Booked","USD","713570.00","USD","1297550.00","USD","713570.00",".","0","Will Douglas"
"Manulife - GWAM (GPSO) extend team from Planspec redesign CO- Project","Christine Hancock","Michael Sirohi","","[INACTIVE - FY26]AMER FINS ENT BANKING & CAN","AMER REG - ENT BANKING & CAN - Canada","Framework","Monthly - Billing","4-565284","USD","0.00","12/5/2024","06 - Project Booked","USD","42899.00","USD","527.00","USD","42899.00",".","0","Bryan Whyte"
"TD Bank - Capacity Model CO 2 - Distributed Marketing Build CR - CSG-Project","Jeramie Burnett","Bryan Whyte","Jessica Nogueira","[INACTIVE - FY26]AMER FINS ENT BANKING & CAN","AMER REG - ENT BANKING & CAN - Canada","Framework","Monthly - Billing","4-325119","USD","0.00","5/31/2024","06 - Project Booked","USD","15127.00","USD","79.00","USD","15127.00",".","0","Jessica Nogueira"
"TD Bank - Capacity Model CO#5 Loyalty Advisory - CSG-Project","Bryan Whyte","Raj Majumdar","Jessica Nogueira","[INACTIVE - FY26]AMER FINS ENT BANKING & CAN","AMER REG - ENT BANKING & CAN - Canada","Framework","Monthly - Billing","4-325119","USD","0.00","6/17/2024","06 - Project Booked","USD","513888.00","USD","160.00","USD","513888.00","n/a","0","Jessica Nogueira"
"Manulife (CWAM) - Canada Retirement Transformation MVP 1 [CO#20] - CSG-Project","Vanessa Pimenta","Christine Hancock","Sarah Corkery","[INACTIVE - FY26]AMER FINS ENT BANKING & CAN","AMER REG - ENT BANKING & CAN - Canada","Framework","Monthly - Billing","4-565284","USD","0.00","5/10/2024","06 - Project Booked","USD","983365.00","USD","3755.00","USD","983365.00",".","0","Sarah Corkery"
"Coop - CRM Support - Work Order #1 - CSG-Project","Arvind Mukhi","Michael Sirohi","Alyssa Brown","[INACTIVE - FY26]AMER FINS ENT BANKING & CAN","AMER REG - ENT BANKING & CAN - Canada","Framework","Monthly - Billing","4-865123","CAD","0.00","6/28/2024","06 - Project Booked","CAD","141520.00","CAD","9280.00","CAD","141578.06","TBD","0","Alyssa Brown"
"Manulife - Travel Marketing CO - CSG Services-Project","Sheena Belcher","Samantha Sanderson","","[INACTIVE - FY26]AMER FINS ENT BANKING & CAN","AMER REG - ENT BANKING & CAN - Canada","Framework","Monthly - Billing","4-565284","USD","0.00","8/23/2022","06 - Project Booked","USD","73492.50","USD","77387.50","USD","73492.50",".","0","Jessica Nogueira"
"Manulife - Medallia migration CO#7 - CSG-Project","Teenu Nisar","Mimi Nga-Han Wong","","[INACTIVE - FY26]AMER FINS ENT BANKING & CAN","AMER REG - ENT BANKING & CAN - Canada","Framework","Monthly - Billing","4-565284","USD","0.00","9/15/2022","06 - Project Booked","USD","441522.50","USD","77.50","USD","441522.50",".","0","Jessica Nogueira"
"Manulife - Phase 2 Medallia CO - CSG-Project","Teenu Nisar","Mimi Nga-Han Wong","","[INACTIVE - FY26]AMER FINS ENT BANKING & CAN","AMER REG - ENT BANKING & CAN - Canada","Framework","Monthly - Billing","4-565284","USD","0.00","8/31/2022","06 - Project Booked","USD","333800.00","USD","4100.00","USD","333800.00",".","0","Jessica Nogueira"
"Shift4 - DT - Wave 1","Sachneet Singh Sandhu","Doug Perron","","[INACTIVE - FY26]AMER FINS ENT BANKING & CAN","AMER REG - ENT BANKING & CAN - CMRCL Banking","Framework","Monthly - Billing","4-233003","USD","6427360.00","1/30/2023","06 - Project Booked","USD","1327368.00","USD","54832.00","USD","1486668.00",".","0","Will Douglas"
"Manulife (Canada) - Group Benefits Disability Claims Portal [CO#12] - CS-Project","Edward Merriman","Raj Majumdar","Sarah Corkery","[INACTIVE - FY26]AMER FINS ENT BANKING & CAN","AMER REG - ENT BANKING & CAN - Canada","Framework","Monthly - Billing","4-565284","USD","0.00","2/3/2023","06 - Project Booked","USD","596714.78","USD","4062.02","USD","596959.31",".","0","Sarah Corkery"
"Sunrun Inc - Phase 2 Next Gen CRM - CSG-Project","Mukesh Khali","Matt Dodyk","","AMER MAE","AMER ICE - MAE - EU","Holdback","Monthly - Billing","4-252391","USD","3980002.40","4/28/2023","06 - Project Booked","USD","4587033.18","USD","3.62","USD","4604335.94","112884","0","Darryl Sheepwash"
"Sunrun Inc - Phase 3 Next Gen CRM - CSG-Project","Mukesh Khali","Andrea Schrader","","AMER MAE","AMER ICE - MAE - EU","Holdback","Monthly - Billing","4-252391","USD","3733012.50","4/28/2023","06 - Project Booked","USD","593026.16","USD","3139986.34","USD","593026.16","112850","1","Darryl Sheepwash"
"CRH - Data Cloud One for US&CAN X-org collaboration-Project","Hee Seng Tan","Mukesh Khali","","AMER MAE","AMER PACE - MAE - MFG","AWS SI Funding","Monthly - Billing","4-344033","USD","209940.30","9/17/2025","06 - Project Booked","USD","102086.78","USD","107853.52","USD","93037.42",".","1","Donna Rayner"
"Boeing - Capacity SOW Parent Opp  - CSG-Project","Kim Lopshire","Sharad Kulkarni","Erin Nusbaum","AMER MAE","AMER PACE - MAE - MFG","Framework","Monthly - Billing","4-865219","USD","989500.00","1/31/2024","06 - Project Booked","USD","0.00","USD","1997300.00","USD","0.00","7002072315","1","Erin Nusbaum"
"DigiKey - Phase 1 - Digital Transformation - CSG-Project","Brian Jacobi","Nate Brown","","AMER MAE","AMER PACE - MAE - MFG","Holdback","Monthly - Billing","4-711956","USD","1569992.00","12/30/2024","06 - Project Booked","USD","1530563.20","USD","39428.80","USD","1556394.65",".","0","Nate Brown"
"Southwire - Transformation - Professional Services-Project","Theodore Rodriguez","Bart Mol","","AMER MAE","AMER PACE - MAE - MFG","Holdback","Monthly - Billing","4-449958","USD","3301559.36","12/23/2025","06 - Project Booked","USD","2242775.53","USD","1058783.83","USD","2240404.17","PO-4506406882","0","Karin Badillo"
"Goodyear - Elevate Program - Revenue Cloud-Project","Sharad Kulkarni","Kim Lopshire","","AMER MAE","AMER PACE - MAE - MFG","Holdback","Monthly - Billing","4-320501","USD","2748240.00","1/16/2026","06 - Project Booked","USD","644830.40","USD","2103409.60","USD","684914.02","TBD","0","Amy Teten"
"PG&E - OTR-2-Project","Sandy Golden","Michele Masheck (she/her)","","AMER MAE","AMER PACE - MAE - EU","Holdback","Monthly - Billing","4-265398","USD","4793828.00","6/30/2026","06 - Project Booked","USD","513694.35","USD","4280133.65","USD","517647.77","2701368476","0","Ajay Gupta"
"Xcel Customer Communication Transformation CCT Build CSG-Project","Louis Maury","Gaurav Kumar","","AMER MAE","AMER PACE - MAE - EU","Holdback","Monthly - Billing","4-811933","USD","1118563.60","5/25/2026","06 - Project Booked","USD","349509.36","USD","769054.24","USD","351036.39","4502194248","0","Beth Cofsky"
"Goodyear Transformation CSG - 3 year-Project","Eric Guckelberger","Kim Lopshire","","AMER MAE","AMER PACE - MAE - MFG","Holdback","Monthly - Billing","4-320501","USD","22810378.88","1/28/2025","06 - Project Booked","USD","15839142.08","USD","10042870.80","USD","16060854.32","8242059925","0","Jeffrey Rauch"
"Boeing - DAS - Pathfinder - Implementation-Project","Sharad Kulkarni","Kim Lopshire","","AMER MAE","AMER PACE - MAE - MFG","Holdback","Monthly - Billing","110310387","USD","11801388.20","9/26/2024","06 - Project Booked","USD","11954189.54","USD","1912.06","USD","11999476.17","25240","0","Yale Rieck"
"Xcel Reenergize Disconnected AQI Customer CSG-Project","Louis Maury","Gaurav Kumar","","AMER MAE","AMER PACE - MAE - EU","Holdback","Monthly - Billing","4-811933","USD","959768.80","12/28/2025","06 - Project Booked","USD","860223.48","USD","99545.32","USD","1101014.28","PO# 4502069647","0","Beth Cofsky"
"Farmers Solution Design / Governance - CSG -Project","Stephen Li","Vanessa Ortiz","","AMER FINS & CAN","AMER REG - FINS - ENT","AWS SI Funding","Monthly - Billing","4-298253","USD","595983.96","4/30/2025","06 - Project Booked","USD","432380.52","USD","163603.44","USD","432380.52","PO00085235","0","Jasmin Hong"
"TD Bank - Capacity Model CO 11 - US Commercial Data Cleanup - CSG-Project","David Flickinger","Bryan Whyte","","AMER FINS & CAN","AMER REG - FINS - CMRCL & CAN","Framework","Monthly - Billing","4-325119","USD","1210900.00","4/30/2025","06 - Project Booked","USD","1210690.00","USD","210.00","USD","1211179.35",".","0","Frederick Wallace"
"Mass Mutual_Phase 1_CSG Services-Project","Ryan Hibbert","Ruben Alvarez","","AMER FINS & CAN","AMER REG - FINS - ENT","Holdback","Monthly - Billing","110905502","USD","12981586.32","9/30/2025","06 - Project Booked","USD","11569853.63","USD","2481133.33","USD","11653894.17",".","0","Krystal Pomerville-Meek"
"Coop - CRM Support -  Work Order - CSG-Project","Arvind Mukhi","Daniel Marionni","","AMER FINS & CAN","AMER REG - FINS - CMRCL & CAN","Framework","Monthly - Billing","4-865123","CAD","48720.00","3/11/2025","06 - Project Booked","CAD","43500.00","CAD","5220.00","CAD","43500.00",".","0","Stéphane Gagnon"
"Coop - CSG - 2024 Salesforce Capacity Architect Support + Squad-Project","Richard Wotton","Arvind Mukhi","","AMER FINS & CAN","AMER REG - FINS - CMRCL & CAN","Framework","Monthly - Billing","4-865123","CAD","4057916.64","6/28/2024","06 - Project Booked","CAD","0.00","CAD","3617116.64","CAD","0.00","TBD","1","Stéphane Gagnon"
"MS - TD Bank - Capacity Model CO#10 - MuleSoft #FY26Renewal-Project","Sarvesh Khare","Maurice Madison","","AMER FINS & CAN","AMER REG - FINS - CMRCL & CAN","Framework","Monthly - Billing","4-228392","USD","1500440.00","4/30/2025","06 - Project Booked","USD","1499985.00","USD","455.00","USD","1499985.00",".","0","Kelsey Wellman"
"Pru - E1 and Agentforce Enablement and Scaling (v. New Business) - SOW 1-Project","Dana Leavitt","Christopher Stanley","","AMER FINS & CAN","AMER REG - FINS - ENT","AWS SI Funding","Monthly - Billing","8226299","USD","4900994.52","1/29/2025","06 - Project Booked","USD","2199995.29","USD","2700999.23","USD","2199995.29","3M-17540603","1","Brad Begin"
"NATIONAL ACCOUNT MetLife-Project","Ben Wilkinson","Amanda Wang","","AMER FINS & CAN","AMER REG - FINS - ENT","Separate Invoices","Quarterly","4-501466","USD","0.00","1/26/2026","06 - Project Booked","USD","313762.56","USD","907249.44","USD","338737.76","01300-0000285004","1","Katherine King"
"#QL MetLife - Sales + Service Centre C360 Transformation EXTENSION-Project","Ben Wilkinson","Amanda Wang","","AMER FINS & CAN","AMER REG - FINS - ENT","Separate Invoices","Quarterly","4-501466","USD","4912190.40","1/20/2026","06 - Project Booked","USD","1681730.21","USD","2131550.59","USD","1418999.97","01300-0000285004","1","Anna Mc Garry"
"TD Bank - Capacity Model - CSG-Project","Bryan Whyte","Nikki Hosei","","AMER FINS & CAN","AMER REG - FINS - CMRCL & CAN","Framework","Monthly - Billing","4-325119","USD","8940766.00","4/11/2024","06 - Project Booked","USD","0.00","USD","3484153.00","USD","0.00",".","1","Sarah Corkery"
"Alliant Insurance - Senior Market Sales - FSC MVP - CSG-Project","Kamran Baig","Mike O'Keefe","","AMER FINS & CAN","AMER REG - FINS - ENT","Holdback","Monthly - Billing","4-375436","USD","4114858.40","2/24/2025","06 - Project Booked","USD","4552068.06","USD","630.34","USD","5036955.06",".","0","Keith Hoang"
"TD Bank -  TA coverage end of capacity CO#13-Project","Bryan Whyte","Michael Sirohi","","AMER FINS & CAN","AMER REG - FINS - CMRCL & CAN","Framework","Monthly - Billing","4-325119","USD","129491.00","10/15/2025","06 - Project Booked","USD","114656.00","USD","14835.00","USD","114656.00",".","0","Jessica Nogueira"
"Manulife Territory Management CO#25 - CSG-Project","Christine Hancock","Bryan Whyte","","AMER FINS & CAN","AMER REG - FINS - CMRCL & CAN","Framework","Monthly - Billing","4-565284","USD","0.00","1/30/2025","06 - Project Booked","USD","17091.80","USD","30472.20","USD","17091.80",".","0","Denielle Murray"
"TD Bank - Capacity Model CO09 Loyalty Management - CSG-Project","Bryan Whyte","Michael Sirohi","","AMER FINS & CAN","AMER REG - FINS - CMRCL & CAN","Framework","Monthly - Billing","4-228392","USD","0.00","1/29/2025","06 - Project Booked","USD","377533.00","USD","771.00","USD","377533.00",".","0","Frederick Wallace"
"Manulife CWAM - Canada Retirement transformation Extend CO#24 - CSG-Project","Christine Hancock","Vincent Lui","","AMER FINS & CAN","AMER REG - FINS - CMRCL & CAN","Framework","Monthly - Billing","4-565284","USD","0.00","12/17/2024","06 - Project Booked","USD","92253.00","USD","825.00","USD","92253.00",".","0","Bryan Whyte"
"TD Bank - Capacity Model CO#6 Unica DC - CSG-Project","Bryan Whyte","Raj Majumdar","","AMER FINS & CAN","AMER REG - FINS - CMRCL & CAN","Framework","Monthly - Billing","4-325119","USD","0.00","6/28/2024","06 - Project Booked","USD","717812.00","USD","100.00","USD","717812.00",".","0","Jessica Nogueira"
"TD Bank - Capacity Model CO#4 - Business Banking CPQ - CSG-Project","David Flickinger","Aaron Zuccolin","Jessica Nogueira","AMER FINS & CAN","AMER REG - FINS - CMRCL & CAN","Framework","Monthly - Billing","4-325119","USD","0.00","6/24/2024","06 - Project Booked","USD","799493.00","USD","2547.00","USD","799493.00",".","0","Jessica Nogueira"
"Bombardier Inc. - New Aircraft Sales AI Digital Transformation - CSG-Project","Jay Pathak","Etienne Dudley","","AMER FINS & CAN","AMER REG - FINS - CMRCL & CAN","Holdback","Monthly - Billing","4-245343","USD","4930992.40","1/31/2024","06 - Project Booked","USD","5945011.81","USD","250098.99","USD","6002940.98","7300036549","0","Christopher Amor"
"PNC Bank - Lending, CRMA, CoE 2024 Renewal (3 Year) - #MasterSOW","Melissa Romero","Diane Roberts","Andrew Hood","AMER FINS & CAN","AMER REG - FINS - Strat","Framework","Monthly - Billing","4-601619","USD","18371865.60","1/23/2024","06 - Project Booked","USD","0.00","USD","15921348.30","USD","0.00","PO1418748","1","Andrew Hood"
"PNC Bank - 3 Yr Ent SOW $0 CO-0005 CRMA Ext (Apr-Dec) - CSG-Project","Gautam Majumdar","MaryAlice Jewell","Andrew Hood","AMER FINS & CAN","AMER REG - FINS - Strat","Framework","Monthly - Billing","4-601619","USD","0.00","4/17/2024","06 - Project Booked","USD","706358.68","USD","90.47","USD","706905.38","1624908","0","Andrew Hood"
"Acrisure - Expert Services for FSC, SPIFF, D360, MS & AF - CSG-Project","Greg Curgenven","James Brooks","","AMER FINS & CAN","AMER REG - FINS - ENT","AWS SI Funding","Monthly - Billing","9619847","USD","549951.00","4/29/2026","06 - Project Booked","USD","125210.00","USD","424741.00","USD","125210.00","3M-P82F19ROSH","0","Andrew Maher"
"Prudential - 3-Year SELA Services Consolidation Upside #BigBet-Project","Dana Leavitt","Christopher Stanley","","AMER FINS & CAN","AMER REG - FINS - ENT","Invoice with Subtotal(s)","Monthly - Billing","8226299","USD","43563697.26","7/29/2022","06 - Project Booked","USD","47530445.84","USD","769255.56","USD","48596377.44","NA","0","Dani Fu"
"Janney - Wealth Advisor Phase 0 & MVP - CSG-Project","Marisa Traenkner","Mahesh Saravanan","","AMER FINS & CAN","AMER REG - FINS - CMRCL & CAN","Holdback","Monthly - Billing","110902607","USD","2699134.80","10/25/2024","06 - Project Booked","USD","2696612.37","USD","2522.43","USD","2710325.28",".","0","Keith Hoang"
"Alliant Insurance - Retail P&C - Producer Experience-Project","Diane Roberts","Mahesh Saravanan","Keith Hoang","AMER FINS & CAN","AMER REG - FINS - ENT","Holdback","Monthly - Billing","4-375436","USD","3562850.60","6/20/2024","06 - Project Booked","USD","3737701.70","USD","4043.90","USD","3848324.87",".","0","Keith Hoang"
"USAA - Enterprise Data 360 & Marketing Cloud - CSG-Project #QL","Melanie Arias","Liz Ave","","AMER FINS & CAN","AMER REG - FINS - Strat","AWS SI Funding","Monthly - Billing","4-726911","USD","5274118.80","1/31/2026","06 - Project Booked","USD","2902905.45","USD","2371213.35","USD","2368827.33",".","0","Keith Hoang"
"JPMC Tab AWS Marketplace SI Cash Services - New-Project","David Adams","Dave Powell","","AMER FINS & CAN","AMER REG - FINS - NAMED","AWS SI Funding","Monthly - Billing","4-718964","USD","820000.00","1/29/2026","06 - Project Booked","USD","118250.00","USD","701750.00","USD","118250.00","., 3M-K3SOWXKMUR","0","Madhu Kandula"
"Morgan Stanley Integrated Firm-Project","Gautam Majumdar","Emily Fiordalisi (she/her)","","AMER FINS & CAN","AMER REG - FINS - Strat","Framework","Monthly - Billing","4-227353","USD","741312.00","1/27/2026","06 - Project Booked","USD","329355.00","USD","411957.00","USD","329355.00",".","0","Madhu Kandula"
"Morgan Stanley MSIM TA (Avijit) - Task Order-Project","Avijit Chakraborty","Gautam Majumdar","","AMER FINS & CAN","AMER REG - FINS - Strat","Framework","Monthly - Billing","4-227353","USD","522000.00","12/31/2025","06 - Project Booked","USD","296496.00","USD","225504.00","USD","296496.00",".","0","Madhu Kandula"
"Morgan Stanley - MC - Custom Extract - Task Order 5 - CSG-Project","Liz Ave","Diane Roberts","Madhu Kandula","AMER FINS & CAN","AMER REG - FINS - Strat","Framework","Monthly - Billing","4-227353","USD","0.00","9/9/2024","06 - Project Booked","USD","35215.50","USD","24.50","USD","35215.50",".","0","Madhu Kandula"
"Morgan Stanley Strategic Services - Task Order 4 (Avijit's extension)-Project","Melissa Dunn","Ed Neerose","Madhu Kandula","AMER FINS & CAN","AMER REG - FINS - Strat","Framework","Monthly - Billing","4-692327","USD","0.00","8/15/2024","06 - Project Booked","USD","294147.00","USD","19053.00","USD","294147.00","TBD","0","Madhu Kandula"
"Morgan Stanley Strategic Services - Parent - CSG-Project #MasterSOW","Diane Roberts","Madhu Kandula","Madhu Kandula","AMER FINS & CAN","AMER REG - FINS - Strat","Framework","Monthly - Billing","4-227353","USD","20292876.00","12/23/2023","06 - Project Booked","USD","0.00","USD","19887691.00","USD","0.00",".","1","Madhu Kandula"
"NewRez - AF/D360 (renewal attach) #QL - CSG-Project","Scott Manley","Daniel Marionni","","AMER FINS & CAN","AMER REG - FINS - CMRCL & CAN","Holdback","Monthly - Billing","8230692","USD","994996.60","8/13/2026","06 - Project Booked","USD","0.00","USD","994996.60","USD","0.00",".","0","Neil Stern"
"TIAA - B2C | Siebel to SF | CRM Modernization-Project","Mike O'Keefe","Lindzi Hutton","","AMER FINS & CAN","AMER REG - FINS - ENT","Holdback","Monthly - Billing","4-445155","USD","19575782.00","1/30/2023","06 - Project Booked","USD","15998773.47","USD","8100892.53","USD","16081898.98","0000175444","1","David Bauer"
"Brandt - Phase 1 & 2 transformation - PS-CSG-Project #QL","Timothy McKinney","Arvind Mukhi","","AMER FINS & CAN","AMER REG - FINS - CMRCL & CAN","Holdback","Monthly - Billing","5469772","CAD","10070087.68","1/27/2026","06 - Project Booked","CAD","1886787.13","CAD","8183300.55","CAD","1909392.66",".","0","Behdad Jabbari"
"AMEX - Tab Cloud Migration #kareem-Project","Adam Geisen","James Brooks","","AMER FINS & CAN","AMER REG - FINS - Strat","AWS SI Funding","Monthly - Billing","4-290577","USD","239894.00","7/1/2026","06 - Project Booked","USD","48753.00","USD","191141.00","USD","48753.00","3M-07GKYS2KYV","0","Janvi Vithlani"
"Morgan Stanley Strategic Services - Task Order 8 (Avijit's extension)-Project","Diane Roberts","James Brooks","","AMER FINS & CAN","AMER REG - FINS - Strat","Framework","Monthly - Billing","4-227353","USD","386280.00","3/17/2025","06 - Project Booked","USD","380799.00","USD","5481.00","USD","382489.76",".","0","Janvi Vithlani"
"SE Health - HH - SOW RFP Parent Canada FY25BigBet-Project","Subhash Vusikamalla","Doug Perron","","AMER FINS & CAN","AMER REG - FINS - CMRCL & CAN","Holdback","Monthly - Billing","6371211","CAD","4229118.53","1/30/2025","06 - Project Booked","CAD","6191388.83","CAD","2783948.23","CAD","6730092.43",".","0","Michael McDermott"
"McKesson Canada - Life Science Cloud - CSG-Project","Riaz Amershi","Arvind Mukhi","","AMER FINS & CAN","AMER REG - FINS - CMRCL & CAN","Holdback","Monthly - Billing","4-778829","USD","4522310.00","1/10/2025","06 - Project Booked","USD","4522305.25","USD","4.75","USD","4806127.36","PO515113","0","Behdad Jabbari"
"ECU-Academic Affairs- SOW01 - Parent split-Project","Jemma Miller","Charlotte Ahles","Megan Heppner","AMER SLED/NGO","AMER Pub Sec - SLED/NGO - EDU","Holdback","Monthly - Billing","4-488176","USD","3603694.00","7/31/2024","06 - Project Booked","USD","3717187.38","USD","179.62","USD","4087807.01","P1383255","0","Megan Heppner"
